id,order_id,amount,currency,status,method,captured,amount_refunded,refund_status,fee,tax,description,notes,created_at,settlement_id
pay_0IFD0TVBDIVUZZ,order_PQK51FPKH1DNMM,340243,INR,captured,upi,True,0,,5443,979,Payment for Premium Plan,"{""order"": ""order_PQK51FPKH1DNMM""}",1735741800,setl_JBQE7CKW5NGCX1
pay_CN9T84AZYTJXEP,order_Q85JSG65KXVF1T,420277,INR,captured,wallet,True,0,,6724,1210,Payment for Renewal,"{""order"": ""order_Q85JSG65KXVF1T""}",1735860600,setl_2TALA753LC58DR
pay_GTFGQ5C34DXTAD,order_1IOR56FAO72KZ0,182892,INR,captured,upi,True,0,,3292,592,Payment for Enterprise Package,"{""order"": ""order_1IOR56FAO72KZ0""}",1735911000,setl_2XRGHC0CLBR7TC
pay_KHMY4SJ6BW3BME,order_9FPZUE8YFBNTPB,394240,INR,captured,netbanking,True,0,,6307,1135,Payment for Top-up Credit,"{""order"": ""order_9FPZUE8YFBNTPB""}",1735997400,setl_N78BMYYMU5907I
pay_LOOKEP7Y6WKTAK,order_PUXQPHR62GDSWM,41686,INR,captured,card,True,0,,833,149,Payment for Service Charge,"{""order"": ""order_PUXQPHR62GDSWM""}",1736087400,setl_31YIHAIR4COWGZ
pay_C3O18A5UR7KO64,order_T026RJRNY20479,178477,INR,captured,wallet,True,0,,3212,578,Payment for Platform Access,"{""order"": ""order_T026RJRNY20479""}",1736166600,setl_T6VXDP5GJLQM5K
pay_3D8W3ZP08J3TRP,order_0J43D5IQVNB4GH,183903,INR,captured,upi,True,0,,3310,595,Payment for Platform Access,"{""order"": ""order_0J43D5IQVNB4GH""}",1736253000,setl_2M5ZJA8DZR1YXR
pay_UYF38DIUOVW1N6,order_KVPUC8D1WJCITF,215086,INR,captured,wallet,True,0,,3441,619,Payment for Basic Subscription,"{""order"": ""order_KVPUC8D1WJCITF""}",1736346600,setl_OYQBKK4CIJ2V2H
pay_DJE153A5QBSWRP,order_BJEK5RBW2ZLAOI,214952,INR,captured,upi,True,0,,3439,619,Payment for Monthly Pass,"{""order"": ""order_BJEK5RBW2ZLAOI""}",1736461800,setl_4E8XF7KZORQQFG
pay_4NLZ15BCW790PD,order_W5PY6B2KNFTU2G,143948,INR,captured,card,True,0,,2591,466,Payment for Add-on Module,"{""order"": ""order_W5PY6B2KNFTU2G""}",1736544600,setl_C5WI6FQJJA26YF
pay_0ME8F840982N2A,order_TQYYV37DIA5U6H,139726,INR,captured,wallet,True,0,,2515,452,Payment for Top-up Credit,"{""order"": ""order_TQYYV37DIA5U6H""}",1736616600,setl_C36KOF8KRD5EQY
pay_M2VAJEPECQNVQH,order_W06XKXB94PDZP6,18516,INR,captured,netbanking,True,0,,370,66,Payment for Premium Plan,"{""order"": ""order_W06XKXB94PDZP6""}",1736703000,setl_LFEWVZNVKSP2EX
pay_17MGFXC08DTNQF,order_LL7V5F1BCPPVOH,349893,INR,captured,card,True,0,,5598,1007,Payment for Standard Tier,"{""order"": ""order_LL7V5F1BCPPVOH""}",1736771400,setl_SMDYVSLH9BH811
pay_C8WQUUY5X9L8LP,order_QW2VMCQBNKX9DV,95963,INR,captured,netbanking,True,0,,1727,310,Payment for Add-on Module,"{""order"": ""order_QW2VMCQBNKX9DV""}",1736890200,setl_NU80B6UGVS8Q34
pay_IEC4D145BM1ENF,order_313FPOYIPK0QTL,406686,INR,captured,wallet,True,0,,6506,1171,Payment for Enterprise Package,"{""order"": ""order_313FPOYIPK0QTL""}",1736976600,setl_3Q4N89QKNS832E
pay_VASIFPWIOXD9CS,order_S9TOQW9JA2M0W1,37929,INR,captured,upi,True,0,,758,136,Payment for Monthly Pass,"{""order"": ""order_S9TOQW9JA2M0W1""}",1737027000,setl_0LBT3G2QZW3C1Q
pay_YPEIXN8BFQNPCE,order_NLK8AGS6E1ZHWY,217971,INR,captured,card,True,0,,3487,627,Payment for Renewal,"{""order"": ""order_NLK8AGS6E1ZHWY""}",1737120600,setl_9HECGZ9389YZTK
pay_XVUGW6M7B5C81J,order_HUWB6TXKI3OQYF,327137,INR,captured,upi,True,0,,5234,942,Payment for Service Charge,"{""order"": ""order_HUWB6TXKI3OQYF""}",1737207000,setl_OQMF5L9MO1SDIE
pay_VOBBZ2SF6F7LOW,order_4VSSRURALDOL65,211518,INR,captured,card,True,0,,3384,609,Payment for Enterprise Package,"{""order"": ""order_4VSSRURALDOL65""}",1737318600,setl_WVJX8UIBRSZ1N3
pay_B8C7X0H3JUJD0I,order_B6IIDLRYE89FX5,426850,INR,captured,netbanking,True,0,,6829,1229,Payment for Top-up Credit,"{""order"": ""order_B6IIDLRYE89FX5""}",1737372600,setl_RX1KKC1XI04B7P
pay_YQFY751YW7NH8R,order_Q9NZ61231YV2ST,368210,INR,captured,netbanking,True,0,,5891,1060,Payment for Premium Plan,"{""order"": ""order_Q9NZ61231YV2ST""}",1737466200,setl_N7E36HTF4PYZR6
pay_FG51BXW76ICVQY,order_5IBPT11F9I6UU1,134767,INR,captured,wallet,True,0,,2425,436,Payment for Consultation Fee,"{""order"": ""order_5IBPT11F9I6UU1""}",1737585000,setl_3I59SOJUV0GYUB
pay_XLM5Q201LHLB50,order_ATVZKHIUIT7M1R,204576,INR,captured,wallet,True,0,,3273,589,Payment for Service Charge,"{""order"": ""order_ATVZKHIUIT7M1R""}",1737639000,setl_00Q0MFTG698S4C
pay_6YUJ7YKTXG4AHF,order_337KUU4YTN02YC,343117,INR,captured,card,True,0,,5489,988,Payment for Enterprise Package,"{""order"": ""order_337KUU4YTN02YC""}",1737725400,setl_0MDICVWV8LW2QI
pay_WQEAO4N5PP3XVK,order_VZRGOL0W82LK2N,134284,INR,captured,wallet,True,0,,2417,435,Payment for Renewal,"{""order"": ""order_VZRGOL0W82LK2N""}",1737811800,setl_7H9G1A07H23C42
pay_LQHRRPZLK3E4XY,order_F9IGFU8IOGXPBW,387809,INR,captured,netbanking,True,0,,6204,1116,Payment for Consultation Fee,"{""order"": ""order_F9IGFU8IOGXPBW""}",1737919800,setl_HVNZH13CD5GLQJ
pay_K2U1RSUJT9T11P,order_HP0XI5BJ5D5E3H,120620,INR,captured,card,True,0,,2171,390,Payment for Service Charge,"{""order"": ""order_HP0XI5BJ5D5E3H""}",1738009800,setl_0Y4VPW232UTVG9
pay_4261BW4A7FQ9P9,order_65K55DMCXXBW01,182080,INR,captured,netbanking,True,0,,3277,589,Payment for Renewal,"{""order"": ""order_65K55DMCXXBW01""}",1738067400,setl_PDDHCVSQAME4YR
pay_VT997E4UNY181A,order_CJBC2SWSOZCTWJ,131396,INR,captured,wallet,True,0,,2365,425,Payment for Add-on Module,"{""order"": ""order_CJBC2SWSOZCTWJ""}",1738175400,setl_LSH3TOW4YCZ04C
pay_S6G298CQK4LTAH,order_UKWQVR1H61IAOI,223238,INR,captured,card,True,0,,3571,642,Payment for Basic Subscription,"{""order"": ""order_UKWQVR1H61IAOI""}",1738240200,setl_M458AX40DTIRC9
pay_BK3G84UTDD2EC2,order_IHOY7DV7C9HX3D,191511,INR,captured,wallet,True,0,,3447,620,Payment for Service Charge,"{""order"": ""order_IHOY7DV7C9HX3D""}",1738355400,setl_43E7B7P0RNPM6J
pay_8438TGBCVARLW3,order_MG25CFZFDSNCZX,427686,INR,captured,card,True,0,,6842,1231,Payment for Renewal,"{""order"": ""order_MG25CFZFDSNCZX""}",1738416600,setl_VML90PXRLZU6WM
pay_AJDM5FC79M96ZP,order_XVPBL9OT7TXKDO,424008,INR,captured,upi,True,0,,6784,1221,Payment for Top-up Credit,"{""order"": ""order_XVPBL9OT7TXKDO""}",1738521000,setl_TRBAD3WRDHW9RE
pay_9W4J66CNOLJQ52,order_WSPOFV177UDKTM,363154,INR,captured,wallet,True,0,,5810,1045,Payment for Enterprise Package,"{""order"": ""order_WSPOFV177UDKTM""}",1738600200,setl_ONRVBJFVYB6LI0
pay_TM4J3DAB42HHIH,order_XS58YREG2IV7ZZ,98104,INR,captured,wallet,True,0,,1765,317,Payment for Renewal,"{""order"": ""order_XS58YREG2IV7ZZ""}",1738683000,setl_J64QHKSWVA984U
pay_NVQEBWUWQHEYTO,order_5F9M969F5GCL9L,121524,INR,captured,card,True,0,,2187,393,Payment for Consultation Fee,"{""order"": ""order_5F9M969F5GCL9L""}",1738794600,setl_CQH1UF22EPPPRA
pay_EJZHYAPDSWZP6S,order_WK2RV239MOFT6Y,223510,INR,captured,wallet,True,0,,3576,643,Payment for Platform Access,"{""order"": ""order_WK2RV239MOFT6Y""}",1738855800,setl_RIADDUR82C06XQ
pay_BJLZY1UU9YMSZD,order_XIMYN4U9BXF445,64211,INR,captured,wallet,True,0,,1155,207,Payment for Monthly Pass,"{""order"": ""order_XIMYN4U9BXF445""}",1738931400,setl_CRI8BIXOIQ2Q4Q
pay_QVS8A0TPV726YG,order_3DXVL5PVYIOMK2,444073,INR,captured,upi,True,0,,7105,1278,Payment for Monthly Pass,"{""order"": ""order_3DXVL5PVYIOMK2""}",1739021400,setl_EV5S4TL0THHZY7
pay_6ZX1TV18KGYGGS,order_NPUEVJLZFFLB7W,111476,INR,captured,wallet,True,0,,2006,361,Payment for Enterprise Package,"{""order"": ""order_NPUEVJLZFFLB7W""}",1739118600,setl_XRUM2LHGCSOTDH
pay_ZBCGJC36OQOLOE,order_AZC0B4MSKYVK7N,85611,INR,captured,upi,True,0,,1540,277,Payment for Monthly Pass,"{""order"": ""order_AZC0B4MSKYVK7N""}",1739215800,setl_3BFH024KWK585X
pay_0P4E05QMKTGV44,order_FTJ5CCASBUOV6T,416912,INR,captured,netbanking,True,0,,6670,1200,Payment for Standard Tier,"{""order"": ""order_FTJ5CCASBUOV6T""}",1739298600,setl_T9Q1NI10KQSOSX
pay_GNZEI3ZRRHF4AB,order_UFWBUCJG8VUAZX,152225,INR,captured,netbanking,True,0,,2740,493,Payment for Annual License,"{""order"": ""order_UFWBUCJG8VUAZX""}",1739392200,setl_KDQ95G3V23GXJ0
pay_XYLNFXJ4PNJY1O,order_2RNTJLMZ04X0QZ,66776,INR,captured,upi,True,0,,1201,216,Payment for Platform Access,"{""order"": ""order_2RNTJLMZ04X0QZ""}",1739457000,setl_FHOMTZZF8ADF7P
pay_CK82853UY8U118,order_QQVAECW9YIL8SA,270414,INR,captured,upi,True,0,,4326,778,Payment for Service Charge,"{""order"": ""order_QQVAECW9YIL8SA""}",1739572200,setl_3IDY3C7RM6J8Y6
pay_RHZN4KGEUIDJIP,order_NF8F3GR94SZ2KU,129329,INR,captured,card,True,0,,2327,418,Payment for Annual License,"{""order"": ""order_NF8F3GR94SZ2KU""}",1739655000,setl_UOYC3RWQMMU7JA
pay_1S9DWD7OI0PESG,order_BM65Q57TE8TVQ0,253085,INR,captured,upi,True,0,,4049,728,Payment for Premium Plan,"{""order"": ""order_BM65Q57TE8TVQ0""}",1739719800,setl_5PXT6RIDLOFAS1
pay_P2RNZBC1FJOTG6,order_JNA9ZN9I9H0DXH,263777,INR,captured,netbanking,True,0,,4220,759,Payment for Consultation Fee,"{""order"": ""order_JNA9ZN9I9H0DXH""}",1739813400,setl_O87F00TERKMBY9
pay_1S05WNWLC83GY1,order_FKOLDXB7GBDGBX,240606,INR,captured,card,True,0,,3849,692,Payment for Premium Plan,"{""order"": ""order_FKOLDXB7GBDGBX""}",1739917800,setl_NRWVBHZA7X73QX
pay_ABKAE6A9HL1737,order_SUUDQFJ6IJKUUH,490567,INR,captured,card,True,0,,7849,1412,Payment for Platform Access,"{""order"": ""order_SUUDQFJ6IJKUUH""}",1739986200,setl_CLRR6Z3DXB3N27
pay_VAK9W9PFB3HN14,order_EB8753AYEQAHTH,227057,INR,captured,card,True,0,,3632,653,Payment for Consultation Fee,"{""order"": ""order_EB8753AYEQAHTH""}",1740087000,setl_SJR0FZAUXBGK2W
pay_IF86LTHET25LZS,order_E99F77LU8EL501,360464,INR,captured,netbanking,True,0,,5767,1038,Payment for Platform Access,"{""order"": ""order_E99F77LU8EL501""}",1740148200,setl_5OOP767J2DG1WJ
pay_18GP51KFK7Y6QX,order_DSGV6TOLAQ665D,25579,INR,captured,wallet,True,0,,511,91,Payment for Service Charge,"{""order"": ""order_DSGV6TOLAQ665D""}",1740223800,setl_LXZF0DZWDZ09WF
pay_DKNNCPTKEZJSSZ,order_WD0W9RY79KVLS9,89586,INR,captured,card,True,0,,1612,290,Payment for Premium Plan,"{""order"": ""order_WD0W9RY79KVLS9""}",1740353400,setl_MEUSWRGVZ9AAWE
pay_TFVGE2L4ZJD5N3,order_KSGNBHDS26FMR5,182813,INR,captured,wallet,True,0,,3290,592,Payment for Add-on Module,"{""order"": ""order_KSGNBHDS26FMR5""}",1740400200,setl_LL1D9S9HBN5ELB
pay_UD2ZDLX1Q8F6JN,order_G7L4LRCER4KMUS,356729,INR,captured,upi,True,0,,5707,1027,Payment for Monthly Pass,"{""order"": ""order_G7L4LRCER4KMUS""}",1740504600,setl_OZDUCKQVIIFRCH
pay_4C68AU9DKBPVWZ,order_OPHGFT4MPK5EAX,272609,INR,captured,wallet,True,0,,4361,784,Payment for Annual License,"{""order"": ""order_OPHGFT4MPK5EAX""}",1740591000,setl_F5X9EE346Z7WQP
pay_B93WKCS4KEK4AE,order_GVFQ3JZR25MDF7,300544,INR,captured,card,True,0,,4808,865,Payment for Renewal,"{""order"": ""order_GVFQ3JZR25MDF7""}",1740670200,setl_FR91IPWH0MX1EG
pay_WZE4EX6U86ZJQ7,order_W7JP61LFC1NLC8,34822,INR,captured,netbanking,True,0,,696,125,Payment for Renewal,"{""order"": ""order_W7JP61LFC1NLC8""}",1740774600,setl_JPR7VGRF1HX6ZD
pay_GBA9IN2XR838AM,order_MZOHXS75T0IC0R,469107,INR,captured,wallet,True,0,,7505,1350,Payment for Standard Tier,"{""order"": ""order_MZOHXS75T0IC0R""}",1740861000,setl_A6WIXAW63DW4C3
pay_8W2MAIETDN1TH1,order_XJG2Y8RGYBXKPM,381018,INR,captured,wallet,True,0,,6096,1097,Payment for Renewal,"{""order"": ""order_XJG2Y8RGYBXKPM""}",1735774200,setl_21B07G2RE6ZVLH
pay_866PB90SPO3ZDR,order_C1YOHMI9AYFQUV,308807,INR,captured,netbanking,True,0,,4940,889,Payment for Renewal,"{""order"": ""order_C1YOHMI9AYFQUV""}",1735857000,setl_9QEZG5WZAWNYTK
pay_6K8DJZR5SWK8TE,order_MPXKC5I8XOMXLV,50774,INR,captured,upi,True,0,,913,164,Payment for Platform Access,"{""order"": ""order_MPXKC5I8XOMXLV""}",1735911000,setl_Z4QKE2GJR81BMQ
pay_MLVHS21HD4Y89O,order_RVSCYOZPNAMLQU,66276,INR,captured,card,True,0,,1192,214,Payment for Monthly Pass,"{""order"": ""order_RVSCYOZPNAMLQU""}",1736022600,setl_H50OPF060O4VFK
pay_BNW8BKXCGW1VGL,order_L42JZNTMFEK2O7,81617,INR,captured,card,True,0,,1469,264,Payment for Annual License,"{""order"": ""order_L42JZNTMFEK2O7""}",1736094600,setl_FHS32UY84ZZ2P6
pay_1TZ8G1A0774RZG,order_YD49PSO1LQSRNK,40828,INR,captured,upi,True,0,,816,146,Payment for Renewal,"{""order"": ""order_YD49PSO1LQSRNK""}",1736199000,setl_ZCRNQ0Y4IO9P46
pay_WDC112HXRJM4T8,order_BP6NLNQBU4KZRE,176419,INR,captured,netbanking,True,0,,3175,571,Payment for Top-up Credit,"{""order"": ""order_BP6NLNQBU4KZRE""}",1736267400,setl_ZRDYXYUR4SOR8W
pay_HJKU2W8ZUVJUTP,order_MC3SKXLOJSYT5W,417693,INR,captured,upi,True,0,,6683,1202,Payment for Service Charge,"{""order"": ""order_MC3SKXLOJSYT5W""}",1736361000,setl_SGRX37JW34670C
pay_XU1SRDV1L30307,order_HDHJO5CTZETRIJ,494126,INR,captured,upi,True,0,,7906,1423,Payment for Service Charge,"{""order"": ""order_HDHJO5CTZETRIJ""}",1736458200,setl_2FRNLX6B02B7YJ
pay_IZ1XEVO7Q5EGVL,order_KDNON4UAAUWIDQ,334408,INR,captured,card,True,0,,5350,963,Payment for Annual License,"{""order"": ""order_KDNON4UAAUWIDQ""}",1736519400,setl_J4BWVF8GUAS173
pay_GRMQDZPJL9R9KM,order_P6J37SPF0R8U7W,211934,INR,captured,card,True,0,,3390,610,Payment for Top-up Credit,"{""order"": ""order_P6J37SPF0R8U7W""}",1736613000,setl_PGBGQFQE6RP9UQ
pay_OG85D4F2K1XERP,order_3LYEX3SR5RUP13,291867,INR,captured,wallet,True,0,,4669,840,Payment for Basic Subscription,"{""order"": ""order_3LYEX3SR5RUP13""}",1736688600,setl_WPPBMQIYFRWSKP
pay_EG3ZGARFI44TD1,order_FPE60QRAQIK3OM,431315,INR,captured,card,True,0,,6901,1242,Payment for Annual License,"{""order"": ""order_FPE60QRAQIK3OM""}",1736778600,setl_D4PORU09BOS076
pay_36BCPWEIJMMB5J,order_FYSYZ7PQ4DDV28,14505,INR,captured,card,True,0,,290,52,Payment for Annual License,"{""order"": ""order_FYSYZ7PQ4DDV28""}",1736865000,setl_3BDW56FKPS0DXM
pay_OX5WWPM3X15DTO,order_Z5STHSLMWA6TJ3,169466,INR,captured,card,True,0,,3050,549,Payment for Standard Tier,"{""order"": ""order_Z5STHSLMWA6TJ3""}",1736980200,setl_KPS04JSE17QUAM
pay_N8VOEUBFN9KR2F,order_VB66H3REM5PUU6,396379,INR,captured,netbanking,True,0,,6342,1141,Payment for Service Charge,"{""order"": ""order_VB66H3REM5PUU6""}",1737055800,setl_2RZV1SQQQ5L2XO
pay_8GZKDF6J76BIVI,order_SS8JLTCBW6ATVD,85859,INR,captured,card,True,0,,1545,278,Payment for Renewal,"{""order"": ""order_SS8JLTCBW6ATVD""}",1737113400,setl_1XEUQ4S2FTGI88
pay_T2XCB3YYM33MG1,order_ZAQ7QHAK7MDWKZ,474378,INR,captured,wallet,True,0,,7590,1366,Payment for Platform Access,"{""order"": ""order_ZAQ7QHAK7MDWKZ""}",1737232200,setl_IRNK6ZHH3O5URT
pay_R3VWMJDIMBM271,order_W1WUDCBL4CE7PK,37948,INR,captured,upi,True,0,,758,136,Payment for Premium Plan,"{""order"": ""order_W1WUDCBL4CE7PK""}",1737318600,setl_WCYUKND1IVXAN2
pay_Y4UMKLD56R7WYQ,order_HR133NO3AAMTFP,369265,INR,captured,wallet,True,0,,5908,1063,Payment for Renewal,"{""order"": ""order_HR133NO3AAMTFP""}",1737408600,setl_W6M9HKHJG4IHGJ
pay_ZSR8RUW2XH6QIH,order_PNF4JD1KSIBSMQ,248409,INR,captured,netbanking,True,0,,3974,715,Payment for Consultation Fee,"{""order"": ""order_PNF4JD1KSIBSMQ""}",1737462600,setl_PNRJAPJC6KSTCJ
pay_7A34MPYO2TLA27,order_F8LWVV59HOTGDU,307780,INR,captured,netbanking,True,0,,4924,886,Payment for Top-up Credit,"{""order"": ""order_F8LWVV59HOTGDU""}",1737545400,setl_Q6DDTBYRGC8KIX
pay_UO8I5JWK6Z0HR9,order_T9CD1LQJSQCZ0N,482538,INR,captured,netbanking,True,0,,7720,1389,Payment for Standard Tier,"{""order"": ""order_T9CD1LQJSQCZ0N""}",1737639000,setl_04OAE7L0RCTI8F
pay_HT7EHMGOLOQC3X,order_NCHKV9DT94G8V9,333616,INR,captured,netbanking,True,0,,5337,960,Payment for Renewal,"{""order"": ""order_NCHKV9DT94G8V9""}",1737750600,setl_ZY9YLW5L4RMVVN
pay_V37IC0LZIGIKQW,order_J2C9OGPS0132AN,70830,INR,captured,upi,True,0,,1274,229,Payment for Annual License,"{""order"": ""order_J2C9OGPS0132AN""}",1737804600,setl_417VF0JQQNVCEQ
pay_65FPYST5V0175D,order_U23JH0ZAGRD1PP,477381,INR,captured,upi,True,0,,7638,1374,Payment for Service Charge,"{""order"": ""order_U23JH0ZAGRD1PP""}",1737916200,setl_KPGGERSDUHH03G
pay_QY5SXAW7LW580Y,order_IR02M77RXZDNVZ,151521,INR,captured,netbanking,True,0,,2727,490,Payment for Consultation Fee,"{""order"": ""order_IR02M77RXZDNVZ""}",1737988200,setl_552ZBRD399Q68R
pay_9LNY2SVHOTQF74,order_RQVFX2ZVL9E9ZR,314361,INR,captured,netbanking,True,0,,5029,905,Payment for Platform Access,"{""order"": ""order_RQVFX2ZVL9E9ZR""}",1738099800,setl_3RZN9L3H03ZB5G
pay_BIRY8XNY2X15XJ,order_XNECRYSAUUJ02G,333714,INR,captured,wallet,True,0,,5339,961,Payment for Enterprise Package,"{""order"": ""order_XNECRYSAUUJ02G""}",1738179000,setl_RXPUDC62G3AUT3
pay_MEWCJN6OCJPZTC,order_09ZGNX3VPF9PAV,320697,INR,captured,netbanking,True,0,,5131,923,Payment for Renewal,"{""order"": ""order_09ZGNX3VPF9PAV""}",1738243800,setl_CEDTCXNMJ5IAN8
pay_IDUDK73A8Y7ERY,order_YTEAG3APTM9X79,218130,INR,captured,card,True,0,,3490,628,Payment for Standard Tier,"{""order"": ""order_YTEAG3APTM9X79""}",1738326600,setl_8YBQG716GNEMBR
pay_BO06FHRXJPT2ZL,order_15S74NDDAFS1IY,8046,INR,captured,card,True,0,,160,28,Payment for Top-up Credit,"{""order"": ""order_15S74NDDAFS1IY""}",1738420200,setl_M90PKR1IFSI159
pay_M30VVIJVDDWVB8,order_53GQD7WKR1TFEP,363068,INR,captured,netbanking,True,0,,5809,1045,Payment for Consultation Fee,"{""order"": ""order_53GQD7WKR1TFEP""}",1738510200,setl_Z614UMNWEPRS82
pay_6K9WAM0KJAX57U,order_0Y8JWVHPLHW4OQ,198520,INR,captured,card,True,0,,3573,643,Payment for Platform Access,"{""order"": ""order_0Y8JWVHPLHW4OQ""}",1738618200,setl_0PFRRQ3GU7GKL5
pay_NMK7YYZ6R9I8KC,order_MM7DBFPMGP6YWK,17583,INR,captured,netbanking,True,0,,351,63,Payment for Platform Access,"{""order"": ""order_MM7DBFPMGP6YWK""}",1738672200,setl_5JRNJ622592FFQ
pay_8ZNA8NZXC45BNC,order_CU3FG00ZKOM2ZK,34289,INR,captured,netbanking,True,0,,685,123,Payment for Basic Subscription,"{""order"": ""order_CU3FG00ZKOM2ZK""}",1738758600,setl_F5B1SA3Y5T37SZ
pay_MEYL6SS1A2R5BF,order_YCW8IHYFZ9S9VS,169874,INR,captured,wallet,True,0,,3057,550,Payment for Standard Tier,"{""order"": ""order_YCW8IHYFZ9S9VS""}",1738845000,setl_1QEKW7BZYI9V8U
pay_U4I5YMQT3DGD8O,order_POCMVH0EQT8FHU,157389,INR,captured,wallet,True,0,,2833,509,Payment for Annual License,"{""order"": ""order_POCMVH0EQT8FHU""}",1738931400,setl_91C329HHA1PJGF
pay_H9PTFNM88UA3A6,order_S5ZXQOMTS1EGPG,308236,INR,captured,upi,True,0,,4931,887,Payment for Premium Plan,"{""order"": ""order_S5ZXQOMTS1EGPG""}",1739039400,setl_VTN4YPKW7493DX
pay_7O0OLFIZEEUO16,order_4FLDAA1FWT9UA0,307961,INR,captured,wallet,True,0,,4927,886,Payment for Annual License,"{""order"": ""order_4FLDAA1FWT9UA0""}",1739100600,setl_9W1GXHG403NJBC
pay_YEJHDZXQ3P87JH,order_4Z8D2VFHZPQVJL,120218,INR,captured,upi,True,0,,2163,389,Payment for Standard Tier,"{""order"": ""order_4Z8D2VFHZPQVJL""}",1739208600,setl_DNHM63Q68JOV58
pay_BTSMAQ3OKLMC1R,order_BK9RX647DI3E95,154089,INR,captured,netbanking,True,0,,2773,499,Payment for Platform Access,"{""order"": ""order_BK9RX647DI3E95""}",1739313000,setl_0ID033TAYB5BBK
pay_7NQWHOCPY8UDQD,order_DAQJRTMETMHOPM,60396,INR,captured,netbanking,True,0,,1087,195,Payment for Enterprise Package,"{""order"": ""order_DAQJRTMETMHOPM""}",1739363400,setl_PNBN7GGGJVSDBI
pay_D2MRMTXJQ3KMSX,order_54RJSXFOH9MBUZ,302411,INR,captured,card,True,0,,4838,870,Payment for Basic Subscription,"{""order"": ""order_54RJSXFOH9MBUZ""}",1739478600,setl_PHD7NDJWT695G6
pay_8DJKLUYLUYHETK,order_DUWTN5PEPL7ZQP,253081,INR,captured,card,True,0,,4049,728,Payment for Platform Access,"{""order"": ""order_DUWTN5PEPL7ZQP""}",1739575800,setl_POAU8P1WKISETU
pay_JWPXEFAF0ISZHR,order_KDVNJN2Q3FKEOU,101492,INR,captured,netbanking,True,0,,1826,328,Payment for Service Charge,"{""order"": ""order_KDVNJN2Q3FKEOU""}",1739647800,setl_BXXQ6MF5QAFS4H
pay_C1V47LZN9UHJPK,order_HF33GUWYH36MOT,65017,INR,captured,upi,True,0,,1170,210,Payment for Standard Tier,"{""order"": ""order_HF33GUWYH36MOT""}",1739727000,setl_CG06XR3URMWUEC
pay_RE0DRIMR25I7A2,order_HVNYARNNEZTEEW,223229,INR,captured,upi,True,0,,3571,642,Payment for Service Charge,"{""order"": ""order_HVNYARNNEZTEEW""}",1739791800,setl_6MM7IDAO13TB25
pay_KVR5NBHGPBKTMA,order_V6763V1M3PP00C,146714,INR,captured,card,True,0,,2640,475,Payment for Premium Plan,"{""order"": ""order_V6763V1M3PP00C""}",1739921400,setl_DNZY47QUUSFN07
pay_ZVMCPSILN3OX5F,order_L2MOXQ9WFB76AV,36883,INR,captured,card,True,0,,737,132,Payment for Service Charge,"{""order"": ""order_L2MOXQ9WFB76AV""}",1739993400,setl_3S2SUMH3B0N9CC
pay_5AEJT70EBPY9E5,order_76MOUZE66VW9B0,410088,INR,captured,netbanking,True,0,,6561,1180,Payment for Annual License,"{""order"": ""order_76MOUZE66VW9B0""}",1740069000,setl_MQOQ4KREG167D6
pay_7U0S3KDZ4PPJ59,order_0EMC20LSJWS1ZL,198745,INR,captured,netbanking,True,0,,3577,643,Payment for Top-up Credit,"{""order"": ""order_0EMC20LSJWS1ZL""}",1740151800,setl_7P72L4X5BWAEN7
pay_OIKS62C1JLOPO6,order_J0M3LOUFHW8WLV,258618,INR,captured,wallet,True,0,,4137,744,Payment for Renewal,"{""order"": ""order_J0M3LOUFHW8WLV""}",1740267000,setl_A02DZ61TXSNHFT
pay_8UR6TIARONTDI9,order_OINUXL39DG5RIF,230199,INR,captured,upi,True,0,,3683,662,Payment for Enterprise Package,"{""order"": ""order_OINUXL39DG5RIF""}",1740353400,setl_WR0UI1JLMFLUOA
pay_S3AOFC9LGYTLCQ,order_FMUIW7J35VLWOJ,491056,INR,captured,netbanking,True,0,,7856,1414,Payment for Annual License,"{""order"": ""order_FMUIW7J35VLWOJ""}",1740432600,setl_TXCF0KJD2V1L1V
pay_N79HMHVL66SAJX,order_XO9ZJCUBZQVQG0,464430,INR,captured,netbanking,True,0,,7430,1337,Payment for Platform Access,"{""order"": ""order_XO9ZJCUBZQVQG0""}",1740511800,setl_XTDNWZZG4C4EPZ
pay_7LY7500LNKKUO4,order_JH9JPDMN1S3YG8,246355,INR,captured,upi,True,0,,3941,709,Payment for Standard Tier,"{""order"": ""order_JH9JPDMN1S3YG8""}",1740580200,setl_VFU9PXYKM8T0JS
pay_L88L12QFAF5KCI,order_HDIY4NRMQYZ6Y3,488578,INR,captured,card,True,0,,7817,1407,Payment for Add-on Module,"{""order"": ""order_HDIY4NRMQYZ6Y3""}",1740666600,setl_Z1DE1E1630POCR
pay_MTN29TNYFM7VH3,order_0QBKERN6YJMK3T,414470,INR,captured,wallet,True,0,,6631,1193,Payment for Standard Tier,"{""order"": ""order_0QBKERN6YJMK3T""}",1740767400,setl_GMALWVMB0IDD0W
pay_XJQ2WDIZHW0VQP,order_VTRUML3F4RTGOO,113599,INR,captured,upi,True,0,,2044,367,Payment for Platform Access,"{""order"": ""order_VTRUML3F4RTGOO""}",1740861000,setl_XUCR9C0TK1QQFV
pay_OWWEW9V08LIUQD,order_K6HQIV929SEVL7,34351,INR,captured,wallet,True,0,,687,123,Payment for Platform Access,"{""order"": ""order_K6HQIV929SEVL7""}",1740958200,setl_FQ8ABY595CPJZE
pay_N05XT54FN5G77L,order_K6HQIV929SEVL7,41423,INR,captured,wallet,True,0,,828,149,Payment for Platform Access,"{""order"": ""order_K6HQIV929SEVL7""}",1740961502,setl_1XTAR0KO31NZSX
pay_DLCTT058CUIJ0Y,order_IVUQT2LWHEDHTH,82198,INR,captured,wallet,True,0,,1479,266,Payment for Add-on Module,"{""order"": ""order_IVUQT2LWHEDHTH""}",1741026600,setl_RUU5E51H3WQA1V
pay_XIYQBVTDG3C6SC,order_IVUQT2LWHEDHTH,63107,INR,captured,wallet,True,0,,1135,204,Payment for Add-on Module,"{""order"": ""order_IVUQT2LWHEDHTH""}",1741028690,setl_RGSS8K5IJULP98
pay_TPKQ5C9035VUUP,order_0HLINH8JV7FXP3,22324,INR,captured,card,True,0,,446,80,Payment for Top-up Credit,"{""order"": ""order_0HLINH8JV7FXP3""}",1741105800,setl_23C9NU985LTKMC
pay_LTXU3YF15Z08N1,order_0HLINH8JV7FXP3,43225,INR,captured,card,True,0,,864,155,Payment for Top-up Credit,"{""order"": ""order_0HLINH8JV7FXP3""}",1741107719,setl_CDUEFS4UQXGCY3
pay_8XIZX35A806B4G,order_F3YN72BHON4WBA,126314,INR,captured,upi,True,0,,2273,409,Payment for Platform Access,"{""order"": ""order_F3YN72BHON4WBA""}",1741181400,setl_BQ0FOT10GDMIPC
pay_ASFQBVH0KW3PGS,order_F3YN72BHON4WBA,171603,INR,captured,upi,True,0,,3088,555,Payment for Platform Access,"{""order"": ""order_F3YN72BHON4WBA""}",1741182358,setl_8QO6P43AR6JLT8
pay_4HA0MVF4S2NI8T,order_K686QE7AJUL7W8,194143,INR,captured,netbanking,True,0,,3494,628,Payment for Annual License,"{""order"": ""order_K686QE7AJUL7W8""}",1741296600,setl_COF3138I2XOG4C
pay_NDFWW41F7V4K88,order_K686QE7AJUL7W8,102599,INR,captured,netbanking,True,0,,1846,332,Payment for Annual License,"{""order"": ""order_K686QE7AJUL7W8""}",1741298455,setl_8J6E07FPY1AELD
pay_KOBQ6MYM8J2LZW,order_8LL6DOWX1H4RMP,31105,INR,captured,card,True,0,,622,111,Payment for Basic Subscription,"{""order"": ""order_8LL6DOWX1H4RMP""}",1741347000,setl_NFGAGLSXKUGWCD
pay_1FU5X012GRDMT2,order_8LL6DOWX1H4RMP,25224,INR,captured,card,True,0,,504,90,Payment for Basic Subscription,"{""order"": ""order_8LL6DOWX1H4RMP""}",1741347167,setl_Z6X4FMMEN4052W
pay_I2SO19V58B1V1C,order_ZY2NR4GLGPJDJH,67624,INR,captured,card,True,0,,1217,219,Payment for Consultation Fee,"{""order"": ""order_ZY2NR4GLGPJDJH""}",1741462200,setl_MXCQDJ5CUYDA9A
pay_COFH9194B70LDO,order_ZY2NR4GLGPJDJH,63594,INR,captured,card,True,0,,1144,205,Payment for Consultation Fee,"{""order"": ""order_ZY2NR4GLGPJDJH""}",1741464808,setl_LL2UNCGWRT9DYF
pay_QGHLZRUWBN6EK6,order_Z6L7X6OA3N4G2J,132487,INR,captured,netbanking,True,0,,2384,429,Payment for Basic Subscription,"{""order"": ""order_Z6L7X6OA3N4G2J""}",1741523400,setl_AYB1EYCEF2CTG0
pay_X6LGOI7OFVWJ7Y,order_Z6L7X6OA3N4G2J,96068,INR,captured,netbanking,True,0,,1729,311,Payment for Basic Subscription,"{""order"": ""order_Z6L7X6OA3N4G2J""}",1741524396,setl_8ZZKK4J1O5HD4H
pay_5NA2FQZTIO4M7P,order_W6T1OXHFDXK31W,128554,INR,captured,wallet,True,0,,2313,416,Payment for Top-up Credit,"{""order"": ""order_W6T1OXHFDXK31W""}",1741609800,setl_BHTFNSGPYNYJ0U
pay_P0PNNLO0HHGH5X,order_W6T1OXHFDXK31W,88456,INR,captured,wallet,True,0,,1592,286,Payment for Top-up Credit,"{""order"": ""order_W6T1OXHFDXK31W""}",1741609947,setl_FO2HOQ5E7L7W05
pay_CTE9W0AN6NBYZM,order_LSE33DCNF225AA,43784,INR,captured,wallet,True,0,,875,157,Payment for Add-on Module,"{""order"": ""order_LSE33DCNF225AA""}",1741692600,setl_35WFW5Q52DEZH0
pay_242OM7ZTRJ67DX,order_LSE33DCNF225AA,94694,INR,captured,wallet,True,0,,1704,306,Payment for Add-on Module,"{""order"": ""order_LSE33DCNF225AA""}",1741694472,setl_CD8A2IBCLTRH9V
pay_VGDOFMAOK8TIR0,order_ALFWYPEEK035N8,101034,INR,captured,netbanking,True,0,,1818,327,Payment for Annual License,"{""order"": ""order_ALFWYPEEK035N8""}",1741782600,setl_CQPHLI5L692TUL
pay_P8F8C8CLRKI72O,order_ALFWYPEEK035N8,62836,INR,captured,netbanking,True,0,,1131,203,Payment for Annual License,"{""order"": ""order_ALFWYPEEK035N8""}",1741784827,setl_GELW8IVI3RQASD
pay_FDFZDMMCMCOCO2,order_B188ELNWOSKAZO,83629,INR,captured,upi,True,0,,1505,270,Payment for Basic Subscription,"{""order"": ""order_B188ELNWOSKAZO""}",1741876200,setl_CHBIRMC5S3OFAW
pay_ZTDHF15ICYAXZR,order_B188ELNWOSKAZO,153453,INR,captured,upi,True,0,,2762,497,Payment for Basic Subscription,"{""order"": ""order_B188ELNWOSKAZO""}",1741877017,setl_WJNN41JH6OXQQ8
pay_9UBC1KKR2AJ5IQ,order_FXNTF0MGOQMK31,103281,INR,captured,wallet,True,0,,1859,334,Payment for Annual License,"{""order"": ""order_FXNTF0MGOQMK31""}",1741955400,setl_RTMPV5LMQ15FBS
pay_AX54P8RI4BNVQR,order_FXNTF0MGOQMK31,60093,INR,captured,wallet,True,0,,1081,194,Payment for Annual License,"{""order"": ""order_FXNTF0MGOQMK31""}",1741957817,setl_4WVT3F2F3HYCPE
pay_NMVQLTZQWDYVYB,order_BVPY8CRIN0XGNK,28566,INR,captured,upi,True,0,,571,102,Payment for Monthly Pass,"{""order"": ""order_BVPY8CRIN0XGNK""}",1742038200,setl_I5VRZ38EFE9VAR
pay_SCGJU2T0JESGQ4,order_BVPY8CRIN0XGNK,43182,INR,captured,upi,True,0,,863,155,Payment for Monthly Pass,"{""order"": ""order_BVPY8CRIN0XGNK""}",1742038923,setl_2PZ6NTPBPZCD5X
pay_4V74QR14VUYV2E,order_G9GMYKVYGW22YG,96200,INR,captured,card,True,0,,1731,311,Payment for Top-up Credit,"{""order"": ""order_G9GMYKVYGW22YG""}",1742139000,setl_YZTHQSE0KIVWM5
pay_MY9TWCW75VI7LI,order_G9GMYKVYGW22YG,75567,INR,captured,card,True,0,,1360,244,Payment for Top-up Credit,"{""order"": ""order_G9GMYKVYGW22YG""}",1742139268,setl_3NOZ7QMJCENTOC
pay_FC4YGOHMJZ6N58,order_J6JFHVSTHBNBIZ,96363,INR,captured,netbanking,True,0,,1734,312,Payment for Consultation Fee,"{""order"": ""order_J6JFHVSTHBNBIZ""}",1742225400,setl_FWTJSJFFP5GOFC
pay_YUXCZAUMAPQPPM,order_J6JFHVSTHBNBIZ,55322,INR,captured,netbanking,True,0,,995,179,Payment for Consultation Fee,"{""order"": ""order_J6JFHVSTHBNBIZ""}",1742228807,setl_5WU2550KQPGA8V
pay_QOB867KBQNXPVM,order_HSAO2QWKBSEPR1,100793,INR,captured,card,True,0,,1814,326,Payment for Enterprise Package,"{""order"": ""order_HSAO2QWKBSEPR1""}",1742311800,setl_B20UC87NXP0JF6
pay_SR75RMG7F9FZJA,order_HSAO2QWKBSEPR1,71457,INR,captured,card,True,0,,1286,231,Payment for Enterprise Package,"{""order"": ""order_HSAO2QWKBSEPR1""}",1742313778,setl_DNOBK8HUP3FTJ6
pay_TRD83X9AGE9NY3,order_DVWS3KCVJXZDVY,25424,INR,captured,upi,True,0,,508,91,Payment for Annual License,"{""order"": ""order_DVWS3KCVJXZDVY""}",1742387400,setl_B4XZ3MSKZO3I9L
pay_MUB6LBU9W3GGO9,order_DVWS3KCVJXZDVY,50963,INR,captured,upi,True,0,,917,165,Payment for Annual License,"{""order"": ""order_DVWS3KCVJXZDVY""}",1742390099,setl_LIFFCVEDQFC1YU
pay_KXBI6JJTB8QOP8,order_XKEI9ULTHYCX8A,144193,INR,captured,wallet,True,0,,2595,467,Payment for Top-up Credit,"{""order"": ""order_XKEI9ULTHYCX8A""}",1742473800,setl_E0JXYO6HFD7LTT
pay_2J3TPS82XLVB9H,order_XKEI9ULTHYCX8A,124645,INR,captured,wallet,True,0,,2243,403,Payment for Top-up Credit,"{""order"": ""order_XKEI9ULTHYCX8A""}",1742475831,setl_C954AI2278EQE1
pay_9NR0OAKGDESVDE,order_75T6XDO7L5DL0E,37152,INR,captured,wallet,True,0,,743,133,Payment for Basic Subscription,"{""order"": ""order_75T6XDO7L5DL0E""}",1742567400,setl_D8A6B3ODF76IMG
pay_91LEUUCBL116CZ,order_75T6XDO7L5DL0E,52965,INR,captured,wallet,True,0,,953,171,Payment for Basic Subscription,"{""order"": ""order_75T6XDO7L5DL0E""}",1742567703,setl_7ZD3Q0E03YIOY5
pay_H548JRPE2XN9TX,order_I874U77W9A8LYT,55592,INR,refunded,netbanking,True,55592,full,1000,180,Payment for Monthly Pass,"{""order"": ""order_I874U77W9A8LYT""}",1742643000,setl_NW6L4M1TRPUYD6
pay_FJNJD5SLOC8D6J,order_UAGDL1J2VWY8UM,55402,INR,captured,netbanking,True,0,,997,179,Payment for Monthly Pass,"{""order"": ""order_UAGDL1J2VWY8UM""}",1742657400,setl_O9CY9PE0HDJ7O9
pay_EE6HW5KYFC6RAN,order_876795F9TU8PV2,96725,INR,refunded,netbanking,True,96725,full,1741,313,Payment for Renewal,"{""order"": ""order_876795F9TU8PV2""}",1742733000,setl_IZ8ER6U0ESTIE6
pay_TY6D1HFDI3JSTY,order_KJH01AONT75EZ6,96685,INR,captured,netbanking,True,0,,1740,313,Payment for Renewal,"{""order"": ""order_KJH01AONT75EZ6""}",1742751000,setl_TMTJLEGP4H2HWS
pay_NBPAVAJIMMNSTO,order_BHO4UW2AWW77GC,75721,INR,refunded,upi,True,75721,full,1362,245,Payment for Consultation Fee,"{""order"": ""order_BHO4UW2AWW77GC""}",1742851800,setl_R7SN1TCJFCZWKG
pay_UIFJILXN32NBZW,order_JBEO4EUTAWJ4G8,75857,INR,captured,upi,True,0,,1365,245,Payment for Consultation Fee,"{""order"": ""order_JBEO4EUTAWJ4G8""}",1742866200,setl_KA51E04PD8JQBO
pay_LZOHFDDVSZ2TVH,order_1LOQSOT56AG39B,56538,INR,refunded,card,True,56538,full,1017,183,Payment for Renewal,"{""order"": ""order_1LOQSOT56AG39B""}",1742931000,setl_0OAWHN2ECLCES1
pay_VWHHOLI54087WS,order_D2EEV7INRZJK9E,56236,INR,captured,card,True,0,,1012,182,Payment for Renewal,"{""order"": ""order_D2EEV7INRZJK9E""}",1742938200,setl_MAF9H3FHVFIJMC
pay_HSJ0BI6ATQGKRY,order_UZ2KGA99UF1ZWW,73605,INR,refunded,netbanking,True,73605,full,1324,238,Payment for Renewal,"{""order"": ""order_UZ2KGA99UF1ZWW""}",1742995800,setl_TNN8ILDASLW9HG
pay_T6EBIN0BYQYVBN,order_1UN2KTVV0Y9Q6K,73539,INR,captured,netbanking,True,0,,1323,238,Payment for Renewal,"{""order"": ""order_1UN2KTVV0Y9Q6K""}",1743006600,setl_21PU8BWAUFXQP6
pay_3LM7E41OFV14J6,order_HCGW33A8NCXCWC,99872,INR,refunded,netbanking,True,99872,full,1797,323,Payment for Enterprise Package,"{""order"": ""order_HCGW33A8NCXCWC""}",1743114600,setl_RPKFZQFO5YVMTD
pay_43F1AYSV6O9E9N,order_0BOGWHUPOF0HKA,100275,INR,captured,netbanking,True,0,,1804,324,Payment for Enterprise Package,"{""order"": ""order_0BOGWHUPOF0HKA""}",1743129000,setl_79U7C1A7YJ8HQD
pay_DFQ2YGGAFDR3TG,order_IEST9OMUQ0RZTW,23318,INR,refunded,wallet,True,23318,full,466,83,Payment for Service Charge,"{""order"": ""order_IEST9OMUQ0RZTW""}",1743193800,setl_FXGIMYDO5N1TQD
pay_WJ7PUM32YP15I3,order_O7ERC4R6S34A1N,23225,INR,captured,wallet,True,0,,464,83,Payment for Service Charge,"{""order"": ""order_O7ERC4R6S34A1N""}",1743215400,setl_CX7CULOQVBV1JP
pay_W9RTNFW6SZF4LU,order_1O0LQBYG6G04JG,20222,INR,refunded,upi,True,20222,full,404,72,Payment for Standard Tier,"{""order"": ""order_1O0LQBYG6G04JG""}",1743269400,setl_H7T6UDOJY6G107
pay_R02TYAXY2NZ5X5,order_SQOF3WGI8Y0423,20708,INR,captured,upi,True,0,,414,74,Payment for Standard Tier,"{""order"": ""order_SQOF3WGI8Y0423""}",1743287400,setl_G8HZMVYD47DZNA
pay_ZXD82BMQW8EVRC,order_PCL1S2QPKGRMM0,16002,INR,refunded,card,True,16002,full,320,57,Payment for Annual License,"{""order"": ""order_PCL1S2QPKGRMM0""}",1743377400,setl_3PLE45B2NIXI8E
pay_0ERJE4S4MFEL33,order_YTMV82LZWGE868,15518,INR,captured,card,True,0,,310,55,Payment for Annual License,"{""order"": ""order_YTMV82LZWGE868""}",1743388200,setl_LRSWP0YKKSWNWZ
pay_RL0NWRN57LWS1Y,order_07X887LGUUW058,33192,INR,refunded,netbanking,True,33192,full,663,119,Payment for Consultation Fee,"{""order"": ""order_07X887LGUUW058""}",1743463800,setl_HULPRX05H3K7UJ
pay_Q6T0OTGPEQCYH2,order_02XVXITIFXZIU6,33497,INR,captured,netbanking,True,0,,669,120,Payment for Consultation Fee,"{""order"": ""order_02XVXITIFXZIU6""}",1743481800,setl_ZE6V4UAUPFLYV1
pay_CU2LQM585U7D2X,order_9CYRVEOW0EF578,40970,INR,refunded,wallet,True,40970,full,819,147,Payment for Add-on Module,"{""order"": ""order_9CYRVEOW0EF578""}",1743514200,setl_M0TPI70HKGNHAG
pay_G770XDHJ5SC36U,order_O1FE1YEND6BWBE,41414,INR,captured,wallet,True,0,,828,149,Payment for Add-on Module,"{""order"": ""order_O1FE1YEND6BWBE""}",1743521400,setl_DK2YWFMAX9FKE4
pay_E4T8DL8F5WAZ5B,order_MK48J4E3QABCE2,87438,INR,refunded,wallet,True,87438,full,1573,283,Payment for Enterprise Package,"{""order"": ""order_MK48J4E3QABCE2""}",1743593400,setl_0NDV5DMCDSODBZ
pay_CAN68U1QP2WNV2,order_EH30OIQJ7RPBAD,86960,INR,captured,wallet,True,0,,1565,281,Payment for Enterprise Package,"{""order"": ""order_EH30OIQJ7RPBAD""}",1743604200,setl_88RHOEHAPM4YQZ
pay_2BVS3K337OV9WX,order_JIGLG08YVU69QA,51293,INR,refunded,upi,True,51293,full,923,166,Payment for Consultation Fee,"{""order"": ""order_JIGLG08YVU69QA""}",1743723000,setl_FXA2WD7772IY1U
pay_HVY3NUKONDHKBR,order_Z6FP9XAQS3TGDB,51048,INR,captured,upi,True,0,,918,165,Payment for Consultation Fee,"{""order"": ""order_Z6FP9XAQS3TGDB""}",1743737400,setl_66DQA4SVKXB3CT
pay_6DUEPRTIRY3TI0,order_TZ7PJSFPFMNF7U,40059,INR,refunded,upi,True,40059,full,801,144,Payment for Top-up Credit,"{""order"": ""order_TZ7PJSFPFMNF7U""}",1743802200,setl_9OF9SVCA3DC9E6
pay_M2Q22YOKBVPX4N,order_IWJTA882JOZIBP,40289,INR,captured,upi,True,0,,805,144,Payment for Top-up Credit,"{""order"": ""order_IWJTA882JOZIBP""}",1743823800,setl_395ZDHZ6M9BJUD
pay_9OWP7NL6DMJLXD,order_C3T13HLOZESJNC,81554,INR,refunded,netbanking,True,81554,full,1467,264,Payment for Standard Tier,"{""order"": ""order_C3T13HLOZESJNC""}",1743885000,setl_0UPRB2JA2LPN1M
pay_W0YCYRNZNZMCCY,order_RBVXKETUGKNN52,81486,INR,captured,netbanking,True,0,,1466,263,Payment for Standard Tier,"{""order"": ""order_RBVXKETUGKNN52""}",1743895800,setl_18GSVPI2JONEW1
pay_767JEZ24WPFDFH,order_8GEYZILJ29JB8J,32660,INR,refunded,card,True,32660,full,653,117,Payment for Monthly Pass,"{""order"": ""order_8GEYZILJ29JB8J""}",1743967800,setl_0R709Q6OHXXYFG
pay_J05MPZ05TQM3G9,order_XKQ054CFG79KT1,32751,INR,captured,card,True,0,,655,117,Payment for Monthly Pass,"{""order"": ""order_XKQ054CFG79KT1""}",1743989400,setl_MAT2C283JZGN99
pay_02UPVSF5YC9LUE,order_3XVFIUD99XRO37,77173,INR,refunded,card,True,77173,full,1389,250,Payment for Service Charge,"{""order"": ""order_3XVFIUD99XRO37""}",1744043400,setl_YNPE6SWYU2RNAD
pay_RJQENBD0V0NJJ6,order_U9SSBU7GE3AI6A,77349,INR,captured,card,True,0,,1392,250,Payment for Service Charge,"{""order"": ""order_U9SSBU7GE3AI6A""}",1744047000,setl_6KLI7V12J21TEL
pay_PHTN0UONQAIPT6,order_YIADPZ9Q8SU5NK,11971,INR,refunded,netbanking,True,11971,full,239,43,Payment for Platform Access,"{""order"": ""order_YIADPZ9Q8SU5NK""}",1744119000,setl_D0RNGCT2XFDZOE
pay_UR9XRWNNVGQCQN,order_C419U772NS8ERK,11847,INR,captured,netbanking,True,0,,236,42,Payment for Platform Access,"{""order"": ""order_C419U772NS8ERK""}",1744137000,setl_7MVQ356J0JE3MK
pay_X1CENAGQ39XLP0,order_63X5ULZZIX2SOT,17722,INR,refunded,card,True,17722,full,354,63,Payment for Service Charge,"{""order"": ""order_63X5ULZZIX2SOT""}",1744212600,setl_LTH11BLF1XOYC6
pay_BN85P3EBQ3VYAR,order_H4MVKQE4DWZ79H,18027,INR,captured,card,True,0,,360,64,Payment for Service Charge,"{""order"": ""order_H4MVKQE4DWZ79H""}",1744219800,setl_TOJTBPGT9967ST
pay_WOW7L7J7Y96YG6,order_M2YVP6MPB4DPGE,17075,INR,refunded,netbanking,True,17075,full,341,61,Payment for Annual License,"{""order"": ""order_M2YVP6MPB4DPGE""}",1744317000,setl_KZH6EJEBHBW9KC
pay_26M8A41ZBLM576,order_VBM0YX6X3B9KYH,17278,INR,captured,netbanking,True,0,,345,62,Payment for Annual License,"{""order"": ""order_VBM0YX6X3B9KYH""}",1744324200,setl_9MW68M1INUFNCC
pay_2L4C0BB6PYMA1T,order_6SIF6DOHE7KY87,208765,INR,captured,netbanking,True,0,,3340,601,Payment for Enterprise Package,"{""order"": ""order_6SIF6DOHE7KY87""}",1744407000,setl_Q19U9Q44DVVPGB
pay_B9MIT3VHTN7SU6,order_2J8LBDSG1FBTWT,50627,INR,captured,upi,True,0,,911,163,Payment for Standard Tier,"{""order"": ""order_2J8LBDSG1FBTWT""}",1744489800,setl_W4IXFJJRKHE0SD
pay_7BI8TJWOFC57PA,order_CO58P8O85BIOFU,209072,INR,captured,netbanking,True,0,,3345,602,Payment for Basic Subscription,"{""order"": ""order_CO58P8O85BIOFU""}",1744561800,setl_2NCU22KB8OHL1Z
pay_TIJH33IC44TONZ,order_NQ06UJLQV62J16,201981,INR,captured,upi,True,0,,3231,581,Payment for Consultation Fee,"{""order"": ""order_NQ06UJLQV62J16""}",1744633800,setl_W8MINQ4O7VS8CH
pay_8YATYE737FENTD,order_7KFN8K6P62J4XY,205004,INR,captured,netbanking,True,0,,3280,590,Payment for Basic Subscription,"{""order"": ""order_7KFN8K6P62J4XY""}",1744738200,setl_BRXFX3AT253IQQ
pay_XUWRIENW34Y6FF,order_Y3IW6VGK4Y32HM,1946140,INR,captured,upi,True,0,,27245,4904,Payment for Renewal,"{""order"": ""order_Y3IW6VGK4Y32HM""}",1744813800,setl_EPDMBO6TQSOR81
pay_G59MNBO3WZ5I4E,order_BO2J3AYIUKEUF5,501543,INR,captured,upi,True,0,,7021,1263,Payment for Platform Access,"{""order"": ""order_BO2J3AYIUKEUF5""}",1744903800,setl_C1GXSKOUZXNLJR
pay_P6I29GPO1QMUTW,order_XPIWHWU6YHVWNL,1956523,INR,captured,upi,True,0,,27391,4930,Payment for Annual License,"{""order"": ""order_XPIWHWU6YHVWNL""}",1745011800,setl_BS0UMIFFVMAM3J
pay_FFOHK94W6WUUMO,order_7OPKLJ670LJC6W,202058,INR,captured,card,True,0,,3232,581,Payment for Basic Subscription,"{""order"": ""order_7OPKLJ670LJC6W""}",1745069400,setl_O7V1IZ4JQI55JS
pay_5TVGUW48TP37V7,order_JMKJLNDITN5KG3,205121,INR,captured,card,True,0,,3281,590,Payment for Platform Access,"{""order"": ""order_JMKJLNDITN5KG3""}",1745148600,setl_FYE4HQGOXAIQUS
pay_PP1VM3I0GXHC66,order_0UJRIHZ8EEKC8U,2019614,INR,captured,card,True,0,,24235,4362,Payment for Premium Plan,"{""order"": ""order_0UJRIHZ8EEKC8U""}",1745274600,setl_091DZ8XEBNP5O3
pay_5RY27VMVWJMV06,order_DDG680IUGA4FEG,48105,INR,captured,wallet,True,0,,962,173,Payment for Premium Plan,"{""order"": ""order_DDG680IUGA4FEG""}",1745350200,setl_YYJ5N860ATH9KP
pay_VLXUIIY3XGWK1G,order_PCXWAYMH0IT4BU,1957243,INR,captured,upi,True,0,,27401,4932,Payment for Annual License,"{""order"": ""order_PCXWAYMH0IT4BU""}",1745415000,setl_4I4CXGF8GC0S6E
pay_RS51ZEQWF1VVWU,order_SXSH0AHPO00ZCM,193695,INR,captured,card,True,0,,3486,627,Payment for Standard Tier,"{""order"": ""order_SXSH0AHPO00ZCM""}",1745533800,setl_HFMTGDLB3J56TA
pay_Z17A8RNXPWNUA6,order_TDXJ1WQQOQSD8P,51828,INR,captured,wallet,True,0,,932,167,Payment for Consultation Fee,"{""order"": ""order_TDXJ1WQQOQSD8P""}",1745598600,setl_4XTKXGY93FON8O
pay_U3DN1TJL2FX35L,order_G49FFQOKVC4GTJ,488517,INR,captured,wallet,True,0,,7816,1406,Payment for Standard Tier,"{""order"": ""order_G49FFQOKVC4GTJ""}",1745685000,setl_S1A5UGXBRYTIVR
pay_VBRX8U73NKBF2E,order_6WPRLPG7GVLHWX,491519,INR,captured,netbanking,True,0,,7864,1415,Payment for Renewal,"{""order"": ""order_6WPRLPG7GVLHWX""}",1745753400,setl_PBRRNTYLVVLD3I
pay_DQLQ1WMFPT00E2,order_QMK3UHK6HMRTIE,50475,INR,captured,card,True,0,,908,163,Payment for Renewal,"{""order"": ""order_QMK3UHK6HMRTIE""}",1745883000,setl_HC2YIX79PBRTG6
pay_A63YMDDVXKKXO0,order_SSW74WQNG6N1RW,506437,INR,captured,netbanking,True,0,,7090,1276,Payment for Renewal,"{""order"": ""order_SSW74WQNG6N1RW""}",1745955000,setl_U1ESEVGC0QTXXW
pay_UPPH3NWX0TAZ8A,order_4LEO0EU2CI4EUR,50534,INR,captured,card,True,0,,909,163,Payment for Annual License,"{""order"": ""order_4LEO0EU2CI4EUR""}",1746023400,setl_E5MIPUYLTDSEKC
pay_WHT37OJ98BYTE9,order_A6KSNJCZOBD9Q8,25762,INR,captured,wallet,True,0,,515,92,Payment for Platform Access,"{""order"": ""order_A6KSNJCZOBD9Q8""}",1746109800,setl_7UUBRJ174WYAGS
pay_AFPP7SDWYQTUV2,order_A6KSNJCZOBD9Q8,25762,INR,captured,wallet,True,0,,515,92,Payment for Platform Access,"{""order"": ""order_A6KSNJCZOBD9Q8""}",1746110045,setl_1KWQJL8EZ31T6E
pay_GNPYHRFOZG7FBV,order_GCRKFKJ6XHPD3B,38522,INR,captured,netbanking,True,0,,770,138,Payment for Annual License,"{""order"": ""order_GCRKFKJ6XHPD3B""}",1746192600,setl_IM28AQWD1BQFDT
pay_2I6OEUH8VAQVBD,order_GCRKFKJ6XHPD3B,38522,INR,captured,netbanking,True,0,,770,138,Payment for Annual License,"{""order"": ""order_GCRKFKJ6XHPD3B""}",1746192838,setl_NBS5XRGA3L7102
pay_SEUTLPF4G9H0Y0,order_3UDUURWUDKBU0T,40289,INR,captured,netbanking,True,0,,805,144,Payment for Monthly Pass,"{""order"": ""order_3UDUURWUDKBU0T""}",1746293400,setl_WAS1UDJOAU4DU0
pay_5ML51AATN209QV,order_369O8W429KJPQ8,40221,INR,captured,netbanking,True,0,,804,144,Payment for Monthly Pass,"{""order"": ""order_369O8W429KJPQ8""}",1746300097,setl_FIYHQ3Y8UQZBA2
pay_9E07PMEXJTNRP1,order_8TLTY7W29MAX6E,7280,INR,captured,upi,True,0,,145,26,Payment for Service Charge,"{""order"": ""order_8TLTY7W29MAX6E""}",1746361800,setl_K3AWLAR0WH0RFI
pay_I3661L08KGFP94,order_BQGBPADUSQB00G,7124,INR,captured,upi,True,0,,142,25,Payment for Service Charge,"{""order"": ""order_BQGBPADUSQB00G""}",1746386302,setl_UPROG710EQ8O9S
pay_7REDY0VQXO2DWN,order_G5EOL0TA8RD05N,45763,INR,captured,upi,True,0,,915,164,Payment for Standard Tier,"{""order"": ""order_G5EOL0TA8RD05N""}",1746487800,setl_NAEHPITZA7UY4S
pay_717YW1BSDX4W3L,order_9HCZDQ3W6BDJ7H,45946,INR,captured,upi,True,0,,918,165,Payment for Standard Tier,"{""order"": ""order_9HCZDQ3W6BDJ7H""}",1746527964,setl_AEQ1ZQ8DAYDW9F
pay_J9R3VP8LIM06ET,order_0V33LIFNCRN3TN,70980,INR,captured,card,True,0,,1277,229,Payment for Basic Subscription,"{""order"": ""order_0V33LIFNCRN3TN""}",1746531000,setl_3QINF2P091PQFM
pay_CQR3EV1RDNF4X1,order_KZIY75ITDL35JR,70792,INR,captured,card,True,0,,1274,229,Payment for Basic Subscription,"{""order"": ""order_KZIY75ITDL35JR""}",1746535939,setl_PAH3QN21R91R0H
pay_4OTBGDPUH4GBGO,order_3SFGHO4QHCG7FD,25812,INR,captured,upi,True,0,,516,92,Payment for Enterprise Package,"{""order"": ""order_3SFGHO4QHCG7FD""}",1746617400,setl_173C7Q25Y7KHG4
pay_8UTD9JYJ3CT5Q5,order_143XRV8DF2F5NK,25651,INR,captured,upi,True,0,,513,92,Payment for Enterprise Package,"{""order"": ""order_143XRV8DF2F5NK""}",1746697899,setl_G7NIE3FKP96AIU
pay_D5C21O6WW8EIRH,order_LZ6IOSTUZHG1GF,12782,INR,captured,card,True,0,,255,45,Payment for Top-up Credit,"{""order"": ""order_LZ6IOSTUZHG1GF""}",1746714600,setl_EOCIRIO74JLYS7
pay_RLNF6NV5XU6M9D,order_4OFPATM0TXE321,12955,INR,captured,card,True,0,,259,46,Payment for Top-up Credit,"{""order"": ""order_4OFPATM0TXE321""}",1746747854,setl_JD6Z6PQ1AUF0TJ
pay_15XD82IJKUV2VX,order_FGM1TM27O19QTG,15505,INR,captured,netbanking,True,0,,310,55,Payment for Service Charge,"{""order"": ""order_FGM1TM27O19QTG""}",1746797400,setl_XAIC0DHNHWEKQD
pay_O3PEOJ3M48NGC4,order_FGM1TM27O19QTG,15505,INR,captured,netbanking,True,0,,310,55,Payment for Service Charge,"{""order"": ""order_FGM1TM27O19QTG""}",1746797630,setl_VNAB87FRBOO703
pay_K4W0KQ8SJQONTQ,order_UBYGS0JX9AMSM5,75263,INR,captured,netbanking,True,0,,1354,243,Payment for Platform Access,"{""order"": ""order_UBYGS0JX9AMSM5""}",1746898200,setl_5DNSVBCQ7G4ASM
pay_X45JOQYNIT38CX,order_R7GOKLVA2UHTJP,75178,INR,captured,netbanking,True,0,,1353,243,Payment for Platform Access,"{""order"": ""order_R7GOKLVA2UHTJP""}",1746951410,setl_ZX4NKIO5B6IIJP
pay_9D18K9VAK1VPAN,order_D07T3LJOKBZVYX,59877,INR,captured,netbanking,True,0,,1077,193,Payment for Monthly Pass,"{""order"": ""order_D07T3LJOKBZVYX""}",1746963000,setl_3Z2Y3C0EQ4AW8J
pay_GW3PAJVF9I60K2,order_D07T3LJOKBZVYX,59877,INR,captured,netbanking,True,0,,1077,193,Payment for Monthly Pass,"{""order"": ""order_D07T3LJOKBZVYX""}",1746963134,setl_HE5S517DXJ17X6
pay_7Y853J5SFMZQRS,order_8QIG6UO3ZIN1A7,54012,INR,captured,upi,True,0,,972,174,Payment for Annual License,"{""order"": ""order_8QIG6UO3ZIN1A7""}",1747092600,setl_UUR656EBJVNFOW
pay_JZO98IBOQ18OVE,order_KNE1YBMZPSCTPN,54117,INR,captured,upi,True,0,,974,175,Payment for Annual License,"{""order"": ""order_KNE1YBMZPSCTPN""}",1747098633,setl_APCQ7VG6N968XF
pay_08K4L2LJZL8XRW,order_EARNWAWO7PLR1X,9450,INR,captured,wallet,True,0,,189,34,Payment for Service Charge,"{""order"": ""order_EARNWAWO7PLR1X""}",1747139400,setl_Z30V0VSGQG034L
pay_4DBRHGR8CP11GB,order_EARNWAWO7PLR1X,9450,INR,captured,wallet,True,0,,189,34,Payment for Service Charge,"{""order"": ""order_EARNWAWO7PLR1X""}",1747139619,setl_4KV2RA0T51LC8A
pay_VR8VBYEZD43W95,order_ZEBG9K4SSB1PBZ,97968,INR,captured,netbanking,True,0,,1763,317,Payment for Consultation Fee,"{""order"": ""order_ZEBG9K4SSB1PBZ""}",1747254600,setl_VOKQY9FLVQARJZ
pay_CH4FODMJMBFOGE,order_ZEBG9K4SSB1PBZ,97968,INR,captured,netbanking,True,0,,1763,317,Payment for Consultation Fee,"{""order"": ""order_ZEBG9K4SSB1PBZ""}",1747254734,setl_K08CT6176C1K03
pay_AQX16OEM9NNC8Y,order_UWETOWTK4KL9FG,95896,INR,captured,upi,True,0,,1726,310,Payment for Basic Subscription,"{""order"": ""order_UWETOWTK4KL9FG""}",1747326600,setl_VLUCNJ0HYL77VL
pay_CI08P3LBSUNGKH,order_2NEWBZNI3DPFTB,95864,INR,captured,upi,True,0,,1725,310,Payment for Basic Subscription,"{""order"": ""order_2NEWBZNI3DPFTB""}",1747359708,setl_QU017WTP0KZUPN
pay_B2AUBNBWGSKWD3,order_PYWH8EA329HF1P,95445,INR,captured,wallet,True,0,,1718,309,Payment for Consultation Fee,"{""order"": ""order_PYWH8EA329HF1P""}",1747427400,setl_74PF4IO2XM43O8
pay_X2KB6JY5R1SPPN,order_W26RQH7O0ZBO70,95444,INR,captured,wallet,True,0,,1717,309,Payment for Consultation Fee,"{""order"": ""order_W26RQH7O0ZBO70""}",1747438546,setl_JOCUJVXHSHV1Y0
pay_2BTUFDOAPMLQS8,order_1LPPJ1N5T844QH,80360,INR,captured,wallet,True,0,,1446,260,Payment for Premium Plan,"{""order"": ""order_1LPPJ1N5T844QH""}",1747492200,setl_QS334KCCNJDGJK
pay_LXSOL15M9GQJAN,order_1LPPJ1N5T844QH,80360,INR,captured,wallet,True,0,,1446,260,Payment for Premium Plan,"{""order"": ""order_1LPPJ1N5T844QH""}",1747492368,setl_CSW7A23HOTPSIL
pay_04LX5Z3JUFXH8P,order_TQV8ELSPJ6SFAS,78861,INR,captured,wallet,True,0,,1419,255,Payment for Top-up Credit,"{""order"": ""order_TQV8ELSPJ6SFAS""}",1747575000,setl_GVXXYN9T61QSKF
pay_0MTZ1FPR7H4PZN,order_TQV8ELSPJ6SFAS,78861,INR,captured,wallet,True,0,,1419,255,Payment for Top-up Credit,"{""order"": ""order_TQV8ELSPJ6SFAS""}",1747575265,setl_NNMLWVAPFE0HRQ
pay_QBZBRQW5259GMQ,order_QERFTNVIJZX4XV,55859,INR,captured,upi,True,0,,1005,180,Payment for Premium Plan,"{""order"": ""order_QERFTNVIJZX4XV""}",1747690200,setl_MXSWY0SZKBNSH8
pay_2P014X5DLWY1P6,order_QERFTNVIJZX4XV,55859,INR,captured,upi,True,0,,1005,180,Payment for Premium Plan,"{""order"": ""order_QERFTNVIJZX4XV""}",1747690248,setl_LLRB7DFIXLBO9E
pay_81BF8W80UXN3E6,order_6CXOTX76D2KJRZ,60665,INR,captured,upi,True,0,,1091,196,Payment for Annual License,"{""order"": ""order_6CXOTX76D2KJRZ""}",1747755000,setl_E4EY9JVB6HPPHP
pay_OQE09O8A906K37,order_CV3HRQA9VZEOX9,60466,INR,captured,upi,True,0,,1088,195,Payment for Annual License,"{""order"": ""order_CV3HRQA9VZEOX9""}",1747802728,setl_M0D5WLWJOJAFI4
