entity_id,type,debit,credit,amount,currency,fee,tax,on_hold,settled,created_at,settled_at,settlement_id,description,notes,payment_id,settlement_utr,order_id,order_receipt,method,card_network,card_issuer,card_type,dispute_id
recon_NQ4FMYZYCWTIQJ,payment,0,333821,340243,INR,5443,979,False,True,1735741800,1735828200,setl_JBQE7CKW5NGCX1,Payment for Premium Plan,"{""order"": ""order_PQK51FPKH1DNMM""}",pay_0IFD0TVBDIVUZZ,UTR22821428812,order_PQK51FPKH1DNMM,INV-93886,upi,,,,
recon_ERTJ5PHT0HL9XP,payment,0,412343,420277,INR,6724,1210,False,True,1735860600,1735947000,setl_2TALA753LC58DR,Payment for Renewal,"{""order"": ""order_Q85JSG65KXVF1T""}",pay_CN9T84AZYTJXEP,UTR86281205445,order_Q85JSG65KXVF1T,INV-77839,wallet,,,,
recon_VYIE6IVWPVS7HZ,payment,0,179008,182892,INR,3292,592,False,True,1735911000,1735997400,setl_2XRGHC0CLBR7TC,Payment for Enterprise Package,"{""order"": ""order_1IOR56FAO72KZ0""}",pay_GTFGQ5C34DXTAD,UTR20771041378,order_1IOR56FAO72KZ0,INV-41285,upi,,,,
recon_72OY0IFZNBQH7M,payment,0,386798,394240,INR,6307,1135,False,True,1735997400,1736256600,setl_N78BMYYMU5907I,Payment for Top-up Credit,"{""order"": ""order_9FPZUE8YFBNTPB""}",pay_KHMY4SJ6BW3BME,UTR11770791023,order_9FPZUE8YFBNTPB,INV-39831,netbanking,,,,
recon_XA11DPG8SBI4Q2,payment,0,40704,41686,INR,833,149,False,True,1736087400,1736173800,setl_31YIHAIR4COWGZ,Payment for Service Charge,"{""order"": ""order_PUXQPHR62GDSWM""}",pay_LOOKEP7Y6WKTAK,UTR63662941333,order_PUXQPHR62GDSWM,INV-97500,card,RuPay,HDFC,debit,
recon_AT9MX2X18HAFEY,payment,0,174687,178477,INR,3212,578,False,True,1736166600,1736339400,setl_T6VXDP5GJLQM5K,Payment for Platform Access,"{""order"": ""order_T026RJRNY20479""}",pay_C3O18A5UR7KO64,UTR46170345521,order_T026RJRNY20479,INV-83920,wallet,,,,
recon_HYLURTP0LZJJEG,payment,0,179998,183903,INR,3310,595,False,True,1736253000,1736425800,setl_2M5ZJA8DZR1YXR,Payment for Platform Access,"{""order"": ""order_0J43D5IQVNB4GH""}",pay_3D8W3ZP08J3TRP,UTR13405620755,order_0J43D5IQVNB4GH,INV-25670,upi,,,,
recon_FJFC2V37PQKOJT,payment,0,211026,215086,INR,3441,619,False,True,1736346600,1736605800,setl_OYQBKK4CIJ2V2H,Payment for Basic Subscription,"{""order"": ""order_KVPUC8D1WJCITF""}",pay_UYF38DIUOVW1N6,UTR83507404483,order_KVPUC8D1WJCITF,INV-67377,wallet,,,,
recon_5J2O7S3KKV9RFT,payment,0,210894,214952,INR,3439,619,False,True,1736461800,1736548200,setl_4E8XF7KZORQQFG,Payment for Monthly Pass,"{""order"": ""order_BJEK5RBW2ZLAOI""}",pay_DJE153A5QBSWRP,UTR81293783904,order_BJEK5RBW2ZLAOI,INV-55236,upi,,,,
recon_YQK94DNMKZA3OA,payment,0,140891,143948,INR,2591,466,False,True,1736544600,1736717400,setl_C5WI6FQJJA26YF,Payment for Add-on Module,"{""order"": ""order_W5PY6B2KNFTU2G""}",pay_4NLZ15BCW790PD,UTR51178306916,order_W5PY6B2KNFTU2G,INV-99889,card,Amex,HDFC,debit,
recon_0FODRO8BNP84DY,payment,0,136759,139726,INR,2515,452,False,True,1736616600,1736875800,setl_C36KOF8KRD5EQY,Payment for Top-up Credit,"{""order"": ""order_TQYYV37DIA5U6H""}",pay_0ME8F840982N2A,UTR87077371800,order_TQYYV37DIA5U6H,INV-81364,wallet,,,,
recon_5O3O0LLJ8YRDDP,payment,0,18080,18516,INR,370,66,False,True,1736703000,1736875800,setl_LFEWVZNVKSP2EX,Payment for Premium Plan,"{""order"": ""order_W06XKXB94PDZP6""}",pay_M2VAJEPECQNVQH,UTR39487064990,order_W06XKXB94PDZP6,INV-58843,netbanking,,,,
recon_RPETIUYMO0PQCL,payment,0,343288,349893,INR,5598,1007,False,True,1736771400,1736857800,setl_SMDYVSLH9BH811,Payment for Standard Tier,"{""order"": ""order_LL7V5F1BCPPVOH""}",pay_17MGFXC08DTNQF,UTR54192838913,order_LL7V5F1BCPPVOH,INV-66267,card,Visa,ICICI,debit,
recon_BZ9SVN7N1YBWML,payment,0,93926,95963,INR,1727,310,False,True,1736890200,1736976600,setl_NU80B6UGVS8Q34,Payment for Add-on Module,"{""order"": ""order_QW2VMCQBNKX9DV""}",pay_C8WQUUY5X9L8LP,UTR79081667586,order_QW2VMCQBNKX9DV,INV-83133,netbanking,,,,
recon_5TD44K1J6FP8HQ,payment,0,399009,406686,INR,6506,1171,False,True,1736976600,1737149400,setl_3Q4N89QKNS832E,Payment for Enterprise Package,"{""order"": ""order_313FPOYIPK0QTL""}",pay_IEC4D145BM1ENF,UTR15368722928,order_313FPOYIPK0QTL,INV-55820,wallet,,,,
recon_5LLO3RBXK5BXJ2,payment,0,37035,37929,INR,758,136,False,True,1737027000,1737113400,setl_0LBT3G2QZW3C1Q,Payment for Monthly Pass,"{""order"": ""order_S9TOQW9JA2M0W1""}",pay_VASIFPWIOXD9CS,UTR37030130043,order_S9TOQW9JA2M0W1,INV-67272,upi,,,,
recon_SEHE2ATN2TWDL9,payment,0,213857,217971,INR,3487,627,False,True,1737120600,1737293400,setl_9HECGZ9389YZTK,Payment for Renewal,"{""order"": ""order_NLK8AGS6E1ZHWY""}",pay_YPEIXN8BFQNPCE,UTR98906764728,order_NLK8AGS6E1ZHWY,INV-72739,card,Mastercard,HDFC,credit,
recon_B85P8637ZGF9Q5,payment,0,320961,327137,INR,5234,942,False,True,1737207000,1737293400,setl_OQMF5L9MO1SDIE,Payment for Service Charge,"{""order"": ""order_HUWB6TXKI3OQYF""}",pay_XVUGW6M7B5C81J,UTR41995771245,order_HUWB6TXKI3OQYF,INV-75191,upi,,,,
recon_DALFYO1750CEHL,payment,0,207525,211518,INR,3384,609,False,True,1737318600,1737577800,setl_WVJX8UIBRSZ1N3,Payment for Enterprise Package,"{""order"": ""order_4VSSRURALDOL65""}",pay_VOBBZ2SF6F7LOW,UTR15335193614,order_4VSSRURALDOL65,INV-96799,card,RuPay,SBI,credit,
recon_2G05KBKV7MQXS6,payment,0,418792,426850,INR,6829,1229,False,True,1737372600,1737545400,setl_RX1KKC1XI04B7P,Payment for Top-up Credit,"{""order"": ""order_B6IIDLRYE89FX5""}",pay_B8C7X0H3JUJD0I,UTR35072322087,order_B6IIDLRYE89FX5,INV-27589,netbanking,,,,
recon_OUUYLAJAHCPZTC,payment,0,361259,368210,INR,5891,1060,False,True,1737466200,1737725400,setl_N7E36HTF4PYZR6,Payment for Premium Plan,"{""order"": ""order_Q9NZ61231YV2ST""}",pay_YQFY751YW7NH8R,UTR70368496114,order_Q9NZ61231YV2ST,INV-19046,netbanking,,,,
recon_OKGTII4FQCOOTN,payment,0,131906,134767,INR,2425,436,False,True,1737585000,1737757800,setl_3I59SOJUV0GYUB,Payment for Consultation Fee,"{""order"": ""order_5IBPT11F9I6UU1""}",pay_FG51BXW76ICVQY,UTR55202224643,order_5IBPT11F9I6UU1,INV-43422,wallet,,,,
recon_IZASNWYWRRATAT,payment,0,200714,204576,INR,3273,589,False,True,1737639000,1737898200,setl_00Q0MFTG698S4C,Payment for Service Charge,"{""order"": ""order_ATVZKHIUIT7M1R""}",pay_XLM5Q201LHLB50,UTR65861993169,order_ATVZKHIUIT7M1R,INV-46010,wallet,,,,
recon_VN1KICJN2FOMD7,payment,0,336640,343117,INR,5489,988,False,True,1737725400,1737984600,setl_0MDICVWV8LW2QI,Payment for Enterprise Package,"{""order"": ""order_337KUU4YTN02YC""}",pay_6YUJ7YKTXG4AHF,UTR67447021515,order_337KUU4YTN02YC,INV-68292,card,Visa,HDFC,credit,
recon_KJFPNQVUT75PB8,payment,0,131432,134284,INR,2417,435,False,True,1737811800,1738071000,setl_7H9G1A07H23C42,Payment for Renewal,"{""order"": ""order_VZRGOL0W82LK2N""}",pay_WQEAO4N5PP3XVK,UTR77314926438,order_VZRGOL0W82LK2N,INV-80373,wallet,,,,
recon_LNOEMQGY27VYLI,payment,0,380489,387809,INR,6204,1116,False,True,1737919800,1738179000,setl_HVNZH13CD5GLQJ,Payment for Consultation Fee,"{""order"": ""order_F9IGFU8IOGXPBW""}",pay_LQHRRPZLK3E4XY,UTR78129505198,order_F9IGFU8IOGXPBW,INV-25328,netbanking,,,,
recon_8S63E1OCJXZEFL,payment,0,118059,120620,INR,2171,390,False,True,1738009800,1738182600,setl_0Y4VPW232UTVG9,Payment for Service Charge,"{""order"": ""order_HP0XI5BJ5D5E3H""}",pay_K2U1RSUJT9T11P,UTR49911562127,order_HP0XI5BJ5D5E3H,INV-42447,card,Visa,SBI,credit,
recon_3DNKN35XYCUVFM,payment,0,178214,182080,INR,3277,589,False,True,1738067400,1738326600,setl_PDDHCVSQAME4YR,Payment for Renewal,"{""order"": ""order_65K55DMCXXBW01""}",pay_4261BW4A7FQ9P9,UTR62522926856,order_65K55DMCXXBW01,INV-37925,netbanking,,,,
recon_VL00EZZF8S2ZGE,payment,0,128606,131396,INR,2365,425,False,True,1738175400,1738434600,setl_LSH3TOW4YCZ04C,Payment for Add-on Module,"{""order"": ""order_CJBC2SWSOZCTWJ""}",pay_VT997E4UNY181A,UTR24750994709,order_CJBC2SWSOZCTWJ,INV-45227,wallet,,,,
recon_76SZN9DDE3CUP8,payment,0,219025,223238,INR,3571,642,False,True,1738240200,1738326600,setl_M458AX40DTIRC9,Payment for Basic Subscription,"{""order"": ""order_UKWQVR1H61IAOI""}",pay_S6G298CQK4LTAH,UTR47416262473,order_UKWQVR1H61IAOI,INV-41034,card,RuPay,HDFC,debit,
recon_WXR5RDNPX2I9TA,payment,0,187444,191511,INR,3447,620,False,True,1738355400,1738614600,setl_43E7B7P0RNPM6J,Payment for Service Charge,"{""order"": ""order_IHOY7DV7C9HX3D""}",pay_BK3G84UTDD2EC2,UTR14933334343,order_IHOY7DV7C9HX3D,INV-60134,wallet,,,,
recon_LYE088O98BV78H,payment,0,419613,427686,INR,6842,1231,False,True,1738416600,1738589400,setl_VML90PXRLZU6WM,Payment for Renewal,"{""order"": ""order_MG25CFZFDSNCZX""}",pay_8438TGBCVARLW3,UTR90167848082,order_MG25CFZFDSNCZX,INV-84127,card,Visa,SBI,credit,
recon_6JXNNNGBPJ4UFZ,payment,0,416003,424008,INR,6784,1221,False,True,1738521000,1738693800,setl_TRBAD3WRDHW9RE,Payment for Top-up Credit,"{""order"": ""order_XVPBL9OT7TXKDO""}",pay_AJDM5FC79M96ZP,UTR64910626781,order_XVPBL9OT7TXKDO,INV-22675,upi,,,,
recon_M2L44Y9IK01L0V,payment,0,356299,363154,INR,5810,1045,False,True,1738600200,1738686600,setl_ONRVBJFVYB6LI0,Payment for Enterprise Package,"{""order"": ""order_WSPOFV177UDKTM""}",pay_9W4J66CNOLJQ52,UTR48314694499,order_WSPOFV177UDKTM,INV-21703,wallet,,,,
recon_YRMJLJX8XGSIC4,payment,0,96022,98104,INR,1765,317,False,True,1738683000,1738855800,setl_J64QHKSWVA984U,Payment for Renewal,"{""order"": ""order_XS58YREG2IV7ZZ""}",pay_TM4J3DAB42HHIH,UTR94154612271,order_XS58YREG2IV7ZZ,INV-88647,wallet,,,,
recon_861TAA0I5LDSLC,payment,0,118944,121524,INR,2187,393,False,True,1738794600,1738967400,setl_CQH1UF22EPPPRA,Payment for Consultation Fee,"{""order"": ""order_5F9M969F5GCL9L""}",pay_NVQEBWUWQHEYTO,UTR38062382605,order_5F9M969F5GCL9L,INV-15992,card,Mastercard,SBI,debit,
recon_B354MYPE46AEXL,payment,0,219291,223510,INR,3576,643,False,True,1738855800,1739028600,setl_RIADDUR82C06XQ,Payment for Platform Access,"{""order"": ""order_WK2RV239MOFT6Y""}",pay_EJZHYAPDSWZP6S,UTR52852138356,order_WK2RV239MOFT6Y,INV-67372,wallet,,,,
recon_OUADVWKSHY8NBI,payment,0,62849,64211,INR,1155,207,False,True,1738931400,1739104200,setl_CRI8BIXOIQ2Q4Q,Payment for Monthly Pass,"{""order"": ""order_XIMYN4U9BXF445""}",pay_BJLZY1UU9YMSZD,UTR12806215682,order_XIMYN4U9BXF445,INV-69566,wallet,,,,
recon_TWZ1UU7ZY6T5PA,payment,0,435690,444073,INR,7105,1278,False,True,1739021400,1739280600,setl_EV5S4TL0THHZY7,Payment for Monthly Pass,"{""order"": ""order_3DXVL5PVYIOMK2""}",pay_QVS8A0TPV726YG,UTR98950475418,order_3DXVL5PVYIOMK2,INV-23955,upi,,,,
recon_H1T939AYQ6WW8Y,payment,0,109109,111476,INR,2006,361,False,True,1739118600,1739291400,setl_XRUM2LHGCSOTDH,Payment for Enterprise Package,"{""order"": ""order_NPUEVJLZFFLB7W""}",pay_6ZX1TV18KGYGGS,UTR54375101806,order_NPUEVJLZFFLB7W,INV-52065,wallet,,,,
recon_EAVT8K06MOXSFH,payment,0,83794,85611,INR,1540,277,False,True,1739215800,1739302200,setl_3BFH024KWK585X,Payment for Monthly Pass,"{""order"": ""order_AZC0B4MSKYVK7N""}",pay_ZBCGJC36OQOLOE,UTR83062333814,order_AZC0B4MSKYVK7N,INV-43127,upi,,,,
recon_G8X80RMHRCNBH6,payment,0,409042,416912,INR,6670,1200,False,True,1739298600,1739385000,setl_T9Q1NI10KQSOSX,Payment for Standard Tier,"{""order"": ""order_FTJ5CCASBUOV6T""}",pay_0P4E05QMKTGV44,UTR29388069411,order_FTJ5CCASBUOV6T,INV-57349,netbanking,,,,
recon_INDH4SPFDRWB2S,payment,0,148992,152225,INR,2740,493,False,True,1739392200,1739478600,setl_KDQ95G3V23GXJ0,Payment for Annual License,"{""order"": ""order_UFWBUCJG8VUAZX""}",pay_GNZEI3ZRRHF4AB,UTR93552018050,order_UFWBUCJG8VUAZX,INV-25403,netbanking,,,,
recon_CBN9WSZV83XPHX,payment,0,65359,66776,INR,1201,216,False,True,1739457000,1739629800,setl_FHOMTZZF8ADF7P,Payment for Platform Access,"{""order"": ""order_2RNTJLMZ04X0QZ""}",pay_XYLNFXJ4PNJY1O,UTR44634961846,order_2RNTJLMZ04X0QZ,INV-77915,upi,,,,
recon_5HHIWFD7YXW1TB,payment,0,265310,270414,INR,4326,778,False,True,1739572200,1739658600,setl_3IDY3C7RM6J8Y6,Payment for Service Charge,"{""order"": ""order_QQVAECW9YIL8SA""}",pay_CK82853UY8U118,UTR40922332347,order_QQVAECW9YIL8SA,INV-73214,upi,,,,
recon_HUXG2MYR06NKWF,payment,0,126584,129329,INR,2327,418,False,True,1739655000,1739914200,setl_UOYC3RWQMMU7JA,Payment for Annual License,"{""order"": ""order_NF8F3GR94SZ2KU""}",pay_RHZN4KGEUIDJIP,UTR57765351325,order_NF8F3GR94SZ2KU,INV-31964,card,Amex,SBI,debit,
recon_TYR1K12V2TG5PI,payment,0,248308,253085,INR,4049,728,False,True,1739719800,1739892600,setl_5PXT6RIDLOFAS1,Payment for Premium Plan,"{""order"": ""order_BM65Q57TE8TVQ0""}",pay_1S9DWD7OI0PESG,UTR57830046248,order_BM65Q57TE8TVQ0,INV-94671,upi,,,,
recon_A2VOI8UYYF1IRY,payment,0,258798,263777,INR,4220,759,False,True,1739813400,1739986200,setl_O87F00TERKMBY9,Payment for Consultation Fee,"{""order"": ""order_JNA9ZN9I9H0DXH""}",pay_P2RNZBC1FJOTG6,UTR96912811478,order_JNA9ZN9I9H0DXH,INV-54357,netbanking,,,,
recon_32CWT04CHSDING,payment,0,236065,240606,INR,3849,692,False,True,1739917800,1740090600,setl_NRWVBHZA7X73QX,Payment for Premium Plan,"{""order"": ""order_FKOLDXB7GBDGBX""}",pay_1S05WNWLC83GY1,UTR84564609628,order_FKOLDXB7GBDGBX,INV-96098,card,RuPay,SBI,debit,
recon_7E1047WWBSLULZ,payment,0,481306,490567,INR,7849,1412,False,True,1739986200,1740159000,setl_CLRR6Z3DXB3N27,Payment for Platform Access,"{""order"": ""order_SUUDQFJ6IJKUUH""}",pay_ABKAE6A9HL1737,UTR58680832852,order_SUUDQFJ6IJKUUH,INV-30079,card,RuPay,AXIS,debit,
recon_CXX6MDK5N9SZ6R,payment,0,222772,227057,INR,3632,653,False,True,1740087000,1740173400,setl_SJR0FZAUXBGK2W,Payment for Consultation Fee,"{""order"": ""order_EB8753AYEQAHTH""}",pay_VAK9W9PFB3HN14,UTR70357541555,order_EB8753AYEQAHTH,INV-88263,card,RuPay,ICICI,debit,
recon_IYMYRSVZN4REGB,payment,0,353659,360464,INR,5767,1038,False,True,1740148200,1740407400,setl_5OOP767J2DG1WJ,Payment for Platform Access,"{""order"": ""order_E99F77LU8EL501""}",pay_IF86LTHET25LZS,UTR94039810165,order_E99F77LU8EL501,INV-11967,netbanking,,,,
recon_6UXF5GZPL1QWEE,payment,0,24977,25579,INR,511,91,False,True,1740223800,1740310200,setl_LXZF0DZWDZ09WF,Payment for Service Charge,"{""order"": ""order_DSGV6TOLAQ665D""}",pay_18GP51KFK7Y6QX,UTR63903325143,order_DSGV6TOLAQ665D,INV-36588,wallet,,,,
recon_9OMUWAHK2LSLAY,payment,0,87684,89586,INR,1612,290,False,True,1740353400,1740612600,setl_MEUSWRGVZ9AAWE,Payment for Premium Plan,"{""order"": ""order_WD0W9RY79KVLS9""}",pay_DKNNCPTKEZJSSZ,UTR39412235780,order_WD0W9RY79KVLS9,INV-54742,card,Mastercard,AXIS,debit,
recon_QBSXLUL6LGJLPE,payment,0,178931,182813,INR,3290,592,False,True,1740400200,1740573000,setl_LL1D9S9HBN5ELB,Payment for Add-on Module,"{""order"": ""order_KSGNBHDS26FMR5""}",pay_TFVGE2L4ZJD5N3,UTR95247043558,order_KSGNBHDS26FMR5,INV-29571,wallet,,,,
recon_UMYGY0Z4EVLDQL,payment,0,349995,356729,INR,5707,1027,False,True,1740504600,1740677400,setl_OZDUCKQVIIFRCH,Payment for Monthly Pass,"{""order"": ""order_G7L4LRCER4KMUS""}",pay_UD2ZDLX1Q8F6JN,UTR90290375722,order_G7L4LRCER4KMUS,INV-63188,upi,,,,
recon_IPAR0ZJ7UBBRNU,payment,0,267464,272609,INR,4361,784,False,True,1740591000,1740763800,setl_F5X9EE346Z7WQP,Payment for Annual License,"{""order"": ""order_OPHGFT4MPK5EAX""}",pay_4C68AU9DKBPVWZ,UTR73651722100,order_OPHGFT4MPK5EAX,INV-20494,wallet,,,,
recon_01TNZRF5A7QY8Y,payment,0,294871,300544,INR,4808,865,False,True,1740670200,1740843000,setl_FR91IPWH0MX1EG,Payment for Renewal,"{""order"": ""order_GVFQ3JZR25MDF7""}",pay_B93WKCS4KEK4AE,UTR76137105319,order_GVFQ3JZR25MDF7,INV-15376,card,Visa,AXIS,credit,
recon_JQ6FX7XJZ6US7R,payment,0,34001,34822,INR,696,125,False,True,1740774600,1741033800,setl_JPR7VGRF1HX6ZD,Payment for Renewal,"{""order"": ""order_W7JP61LFC1NLC8""}",pay_WZE4EX6U86ZJQ7,UTR18903121483,order_W7JP61LFC1NLC8,INV-67154,netbanking,,,,
recon_H2P39YL9UE421V,payment,0,460252,469107,INR,7505,1350,False,True,1740861000,1741120200,setl_A6WIXAW63DW4C3,Payment for Standard Tier,"{""order"": ""order_MZOHXS75T0IC0R""}",pay_GBA9IN2XR838AM,UTR74914907441,order_MZOHXS75T0IC0R,INV-53975,wallet,,,,
recon_LD05NHQR6F7QNE,payment,0,373825,381018,INR,6096,1097,False,True,1735774200,1735860600,setl_21B07G2RE6ZVLH,Payment for Renewal,"{""order"": ""order_XJG2Y8RGYBXKPM""}",pay_8W2MAIETDN1TH1,UTR41463577319,order_XJG2Y8RGYBXKPM,INV-35448,wallet,,,,
recon_T22C50B8Y5DNWN,payment,0,302978,308807,INR,4940,889,False,True,1735857000,1736116200,setl_9QEZG5WZAWNYTK,Payment for Renewal,"{""order"": ""order_C1YOHMI9AYFQUV""}",pay_866PB90SPO3ZDR,UTR47593367744,order_C1YOHMI9AYFQUV,INV-32972,netbanking,,,,
recon_TGGZ62FE9UPNHZ,payment,0,49697,50774,INR,913,164,False,True,1735911000,1736170200,setl_Z4QKE2GJR81BMQ,Payment for Platform Access,"{""order"": ""order_MPXKC5I8XOMXLV""}",pay_6K8DJZR5SWK8TE,UTR92318902566,order_MPXKC5I8XOMXLV,INV-97235,upi,,,,
recon_DO6OUZ1EGNTB34,payment,0,64870,66276,INR,1192,214,False,True,1736022600,1736195400,setl_H50OPF060O4VFK,Payment for Monthly Pass,"{""order"": ""order_RVSCYOZPNAMLQU""}",pay_MLVHS21HD4Y89O,UTR20030538552,order_RVSCYOZPNAMLQU,INV-49834,card,Visa,AXIS,credit,
recon_YFP9S8GK0EEYYL,payment,0,79884,81617,INR,1469,264,False,True,1736094600,1736267400,setl_FHS32UY84ZZ2P6,Payment for Annual License,"{""order"": ""order_L42JZNTMFEK2O7""}",pay_BNW8BKXCGW1VGL,UTR74499153398,order_L42JZNTMFEK2O7,INV-37504,card,Amex,ICICI,debit,
recon_G9RDPXDFOVD79C,payment,0,39866,40828,INR,816,146,False,True,1736199000,1736371800,setl_ZCRNQ0Y4IO9P46,Payment for Renewal,"{""order"": ""order_YD49PSO1LQSRNK""}",pay_1TZ8G1A0774RZG,UTR77870947549,order_YD49PSO1LQSRNK,INV-36094,upi,,,,
recon_BB4M0A6MDMMMXI,payment,0,172673,176419,INR,3175,571,False,True,1736267400,1736353800,setl_ZRDYXYUR4SOR8W,Payment for Top-up Credit,"{""order"": ""order_BP6NLNQBU4KZRE""}",pay_WDC112HXRJM4T8,UTR52854251432,order_BP6NLNQBU4KZRE,INV-94945,netbanking,,,,
recon_I014O46W4JKFYI,payment,0,409808,417693,INR,6683,1202,False,True,1736361000,1736447400,setl_SGRX37JW34670C,Payment for Service Charge,"{""order"": ""order_MC3SKXLOJSYT5W""}",pay_HJKU2W8ZUVJUTP,UTR58106416966,order_MC3SKXLOJSYT5W,INV-41258,upi,,,,
recon_N3E54N6O9JD3IH,payment,0,484797,494126,INR,7906,1423,False,True,1736458200,1736717400,setl_2FRNLX6B02B7YJ,Payment for Service Charge,"{""order"": ""order_HDHJO5CTZETRIJ""}",pay_XU1SRDV1L30307,UTR50306937565,order_HDHJO5CTZETRIJ,INV-31001,upi,,,,
recon_H83J0NPHH30GG2,payment,0,328095,334408,INR,5350,963,False,True,1736519400,1736778600,setl_J4BWVF8GUAS173,Payment for Annual License,"{""order"": ""order_KDNON4UAAUWIDQ""}",pay_IZ1XEVO7Q5EGVL,UTR25007255813,order_KDNON4UAAUWIDQ,INV-13771,card,RuPay,HDFC,credit,
recon_HK403UXH9A1G7I,payment,0,207934,211934,INR,3390,610,False,True,1736613000,1736699400,setl_PGBGQFQE6RP9UQ,Payment for Top-up Credit,"{""order"": ""order_P6J37SPF0R8U7W""}",pay_GRMQDZPJL9R9KM,UTR23520787737,order_P6J37SPF0R8U7W,INV-75288,card,Mastercard,HDFC,credit,
recon_YKIPUT7SSOQZ3M,payment,0,286358,291867,INR,4669,840,False,True,1736688600,1736775000,setl_WPPBMQIYFRWSKP,Payment for Basic Subscription,"{""order"": ""order_3LYEX3SR5RUP13""}",pay_OG85D4F2K1XERP,UTR50706030853,order_3LYEX3SR5RUP13,INV-86751,wallet,,,,
recon_CAUTJX6EWXQPF0,payment,0,423172,431315,INR,6901,1242,False,True,1736778600,1737037800,setl_D4PORU09BOS076,Payment for Annual License,"{""order"": ""order_FPE60QRAQIK3OM""}",pay_EG3ZGARFI44TD1,UTR78150969939,order_FPE60QRAQIK3OM,INV-71504,card,Amex,SBI,credit,
recon_81A4RKGJZOWI1T,payment,0,14163,14505,INR,290,52,False,True,1736865000,1737037800,setl_3BDW56FKPS0DXM,Payment for Annual License,"{""order"": ""order_FYSYZ7PQ4DDV28""}",pay_36BCPWEIJMMB5J,UTR23476630130,order_FYSYZ7PQ4DDV28,INV-39908,card,RuPay,SBI,credit,
recon_X4IKY3UFN0DSG2,payment,0,165867,169466,INR,3050,549,False,True,1736980200,1737239400,setl_KPS04JSE17QUAM,Payment for Standard Tier,"{""order"": ""order_Z5STHSLMWA6TJ3""}",pay_OX5WWPM3X15DTO,UTR89807337771,order_Z5STHSLMWA6TJ3,INV-69547,card,Visa,SBI,credit,
recon_860X5ZU2ZUEUGW,payment,0,388896,396379,INR,6342,1141,False,True,1737055800,1737142200,setl_2RZV1SQQQ5L2XO,Payment for Service Charge,"{""order"": ""order_VB66H3REM5PUU6""}",pay_N8VOEUBFN9KR2F,UTR54647890705,order_VB66H3REM5PUU6,INV-85609,netbanking,,,,
recon_38WXGC7JJY94H4,payment,0,84036,85859,INR,1545,278,False,True,1737113400,1737199800,setl_1XEUQ4S2FTGI88,Payment for Renewal,"{""order"": ""order_SS8JLTCBW6ATVD""}",pay_8GZKDF6J76BIVI,UTR72513902885,order_SS8JLTCBW6ATVD,INV-46872,card,Amex,ICICI,credit,
recon_CECJUIS2GY9YTJ,payment,0,465422,474378,INR,7590,1366,False,True,1737232200,1737318600,setl_IRNK6ZHH3O5URT,Payment for Platform Access,"{""order"": ""order_ZAQ7QHAK7MDWKZ""}",pay_T2XCB3YYM33MG1,UTR94535193872,order_ZAQ7QHAK7MDWKZ,INV-83415,wallet,,,,
recon_M72QLGDVC2GUWJ,payment,0,37054,37948,INR,758,136,False,True,1737318600,1737405000,setl_WCYUKND1IVXAN2,Payment for Premium Plan,"{""order"": ""order_W1WUDCBL4CE7PK""}",pay_R3VWMJDIMBM271,UTR95383684269,order_W1WUDCBL4CE7PK,INV-65182,upi,,,,
recon_N2D7KI3X79955C,payment,0,362294,369265,INR,5908,1063,False,True,1737408600,1737495000,setl_W6M9HKHJG4IHGJ,Payment for Renewal,"{""order"": ""order_HR133NO3AAMTFP""}",pay_Y4UMKLD56R7WYQ,UTR10434608701,order_HR133NO3AAMTFP,INV-28931,wallet,,,,
recon_MTMYJ014GVE4ZT,payment,0,243720,248409,INR,3974,715,False,True,1737462600,1737549000,setl_PNRJAPJC6KSTCJ,Payment for Consultation Fee,"{""order"": ""order_PNF4JD1KSIBSMQ""}",pay_ZSR8RUW2XH6QIH,UTR23863044605,order_PNF4JD1KSIBSMQ,INV-44227,netbanking,,,,
recon_SG4OFDTRC85EHP,payment,0,301970,307780,INR,4924,886,False,True,1737545400,1737718200,setl_Q6DDTBYRGC8KIX,Payment for Top-up Credit,"{""order"": ""order_F8LWVV59HOTGDU""}",pay_7A34MPYO2TLA27,UTR70430101504,order_F8LWVV59HOTGDU,INV-97135,netbanking,,,,
recon_4VGE0GYAJPGZ6T,payment,0,473429,482538,INR,7720,1389,False,True,1737639000,1737725400,setl_04OAE7L0RCTI8F,Payment for Standard Tier,"{""order"": ""order_T9CD1LQJSQCZ0N""}",pay_UO8I5JWK6Z0HR9,UTR47883444164,order_T9CD1LQJSQCZ0N,INV-67941,netbanking,,,,
recon_9IW6L01WCNKFHB,payment,0,327319,333616,INR,5337,960,False,True,1737750600,1738009800,setl_ZY9YLW5L4RMVVN,Payment for Renewal,"{""order"": ""order_NCHKV9DT94G8V9""}",pay_HT7EHMGOLOQC3X,UTR79717736545,order_NCHKV9DT94G8V9,INV-88390,netbanking,,,,
recon_0NOOO0NL9C59E7,payment,0,69327,70830,INR,1274,229,False,True,1737804600,1738063800,setl_417VF0JQQNVCEQ,Payment for Annual License,"{""order"": ""order_J2C9OGPS0132AN""}",pay_V37IC0LZIGIKQW,UTR10814436678,order_J2C9OGPS0132AN,INV-31281,upi,,,,
recon_6DWCDECBIR1AJ8,payment,0,468369,477381,INR,7638,1374,False,True,1737916200,1738175400,setl_KPGGERSDUHH03G,Payment for Service Charge,"{""order"": ""order_U23JH0ZAGRD1PP""}",pay_65FPYST5V0175D,UTR69578135110,order_U23JH0ZAGRD1PP,INV-97205,upi,,,,
recon_G7ZD9B7LNKZX8Y,payment,0,148304,151521,INR,2727,490,False,True,1737988200,1738074600,setl_552ZBRD399Q68R,Payment for Consultation Fee,"{""order"": ""order_IR02M77RXZDNVZ""}",pay_QY5SXAW7LW580Y,UTR42386922064,order_IR02M77RXZDNVZ,INV-97225,netbanking,,,,
recon_9TMY91OTKZH4OE,payment,0,308427,314361,INR,5029,905,False,True,1738099800,1738186200,setl_3RZN9L3H03ZB5G,Payment for Platform Access,"{""order"": ""order_RQVFX2ZVL9E9ZR""}",pay_9LNY2SVHOTQF74,UTR50337507628,order_RQVFX2ZVL9E9ZR,INV-86072,netbanking,,,,
recon_T3X1HXE5ZAQLBU,payment,0,327414,333714,INR,5339,961,False,True,1738179000,1738438200,setl_RXPUDC62G3AUT3,Payment for Enterprise Package,"{""order"": ""order_XNECRYSAUUJ02G""}",pay_BIRY8XNY2X15XJ,UTR20688297835,order_XNECRYSAUUJ02G,INV-95542,wallet,,,,
recon_0L3RTZ5TV6G8OM,payment,0,314643,320697,INR,5131,923,False,True,1738243800,1738503000,setl_CEDTCXNMJ5IAN8,Payment for Renewal,"{""order"": ""order_09ZGNX3VPF9PAV""}",pay_MEWCJN6OCJPZTC,UTR26860477632,order_09ZGNX3VPF9PAV,INV-98842,netbanking,,,,
recon_6IT1EKKH0UHK7X,payment,0,214012,218130,INR,3490,628,False,True,1738326600,1738499400,setl_8YBQG716GNEMBR,Payment for Standard Tier,"{""order"": ""order_YTEAG3APTM9X79""}",pay_IDUDK73A8Y7ERY,UTR57976863318,order_YTEAG3APTM9X79,INV-14643,card,Visa,HDFC,credit,
recon_Z3ZSG9VWIEB97P,payment,0,7858,8046,INR,160,28,False,True,1738420200,1738593000,setl_M90PKR1IFSI159,Payment for Top-up Credit,"{""order"": ""order_15S74NDDAFS1IY""}",pay_BO06FHRXJPT2ZL,UTR69359065445,order_15S74NDDAFS1IY,INV-90801,card,Mastercard,HDFC,credit,
recon_8K8C9G3RTSCPSU,payment,0,356214,363068,INR,5809,1045,False,True,1738510200,1738769400,setl_Z614UMNWEPRS82,Payment for Consultation Fee,"{""order"": ""order_53GQD7WKR1TFEP""}",pay_M30VVIJVDDWVB8,UTR92321359537,order_53GQD7WKR1TFEP,INV-61150,netbanking,,,,
recon_GFPQXO0E1ADNDA,payment,0,194304,198520,INR,3573,643,False,True,1738618200,1738877400,setl_0PFRRQ3GU7GKL5,Payment for Platform Access,"{""order"": ""order_0Y8JWVHPLHW4OQ""}",pay_6K9WAM0KJAX57U,UTR65050739903,order_0Y8JWVHPLHW4OQ,INV-94473,card,Visa,SBI,credit,
recon_U8KD9GNLPYO2M2,payment,0,17169,17583,INR,351,63,False,True,1738672200,1738758600,setl_5JRNJ622592FFQ,Payment for Platform Access,"{""order"": ""order_MM7DBFPMGP6YWK""}",pay_NMK7YYZ6R9I8KC,UTR78617854565,order_MM7DBFPMGP6YWK,INV-95715,netbanking,,,,
recon_N80OCO39VCYRXO,payment,0,33481,34289,INR,685,123,False,True,1738758600,1739017800,setl_F5B1SA3Y5T37SZ,Payment for Basic Subscription,"{""order"": ""order_CU3FG00ZKOM2ZK""}",pay_8ZNA8NZXC45BNC,UTR45033191981,order_CU3FG00ZKOM2ZK,INV-59868,netbanking,,,,
recon_F5T82DDL7FKNDG,payment,0,166267,169874,INR,3057,550,False,True,1738845000,1738931400,setl_1QEKW7BZYI9V8U,Payment for Standard Tier,"{""order"": ""order_YCW8IHYFZ9S9VS""}",pay_MEYL6SS1A2R5BF,UTR78695444373,order_YCW8IHYFZ9S9VS,INV-70390,wallet,,,,
recon_5QPH6GB6P8KH7R,payment,0,154047,157389,INR,2833,509,False,True,1738931400,1739104200,setl_91C329HHA1PJGF,Payment for Annual License,"{""order"": ""order_POCMVH0EQT8FHU""}",pay_U4I5YMQT3DGD8O,UTR62716021930,order_POCMVH0EQT8FHU,INV-80189,wallet,,,,
recon_17DPUBKPIQNHQE,payment,0,302418,308236,INR,4931,887,False,True,1739039400,1739298600,setl_VTN4YPKW7493DX,Payment for Premium Plan,"{""order"": ""order_S5ZXQOMTS1EGPG""}",pay_H9PTFNM88UA3A6,UTR24651334606,order_S5ZXQOMTS1EGPG,INV-70810,upi,,,,
recon_95D7EFJGC46HD2,payment,0,302148,307961,INR,4927,886,False,True,1739100600,1739359800,setl_9W1GXHG403NJBC,Payment for Annual License,"{""order"": ""order_4FLDAA1FWT9UA0""}",pay_7O0OLFIZEEUO16,UTR96516831328,order_4FLDAA1FWT9UA0,INV-64230,wallet,,,,
recon_E3PGIHNFLAYZHU,payment,0,117666,120218,INR,2163,389,False,True,1739208600,1739295000,setl_DNHM63Q68JOV58,Payment for Standard Tier,"{""order"": ""order_4Z8D2VFHZPQVJL""}",pay_YEJHDZXQ3P87JH,UTR59523112618,order_4Z8D2VFHZPQVJL,INV-52147,upi,,,,
recon_2NZ7VELFV46WYS,payment,0,150817,154089,INR,2773,499,False,True,1739313000,1739572200,setl_0ID033TAYB5BBK,Payment for Platform Access,"{""order"": ""order_BK9RX647DI3E95""}",pay_BTSMAQ3OKLMC1R,UTR54082372370,order_BK9RX647DI3E95,INV-41525,netbanking,,,,
recon_6UITJ5ZOOH3YRG,payment,0,59114,60396,INR,1087,195,False,True,1739363400,1739449800,setl_PNBN7GGGJVSDBI,Payment for Enterprise Package,"{""order"": ""order_DAQJRTMETMHOPM""}",pay_7NQWHOCPY8UDQD,UTR40541868033,order_DAQJRTMETMHOPM,INV-36683,netbanking,,,,
recon_8JGUZ4E2U2MDA7,payment,0,296703,302411,INR,4838,870,False,True,1739478600,1739651400,setl_PHD7NDJWT695G6,Payment for Basic Subscription,"{""order"": ""order_54RJSXFOH9MBUZ""}",pay_D2MRMTXJQ3KMSX,UTR62962082116,order_54RJSXFOH9MBUZ,INV-29284,card,Mastercard,ICICI,credit,
recon_EYQ1S4DJ9DV3UY,payment,0,248304,253081,INR,4049,728,False,True,1739575800,1739748600,setl_POAU8P1WKISETU,Payment for Platform Access,"{""order"": ""order_DUWTN5PEPL7ZQP""}",pay_8DJKLUYLUYHETK,UTR15554866701,order_DUWTN5PEPL7ZQP,INV-17977,card,Mastercard,AXIS,debit,
recon_GFXUQ4F2X7C4R8,payment,0,99338,101492,INR,1826,328,False,True,1739647800,1739734200,setl_BXXQ6MF5QAFS4H,Payment for Service Charge,"{""order"": ""order_KDVNJN2Q3FKEOU""}",pay_JWPXEFAF0ISZHR,UTR63794704393,order_KDVNJN2Q3FKEOU,INV-89408,netbanking,,,,
recon_UESDRBTA3K3OM5,payment,0,63637,65017,INR,1170,210,False,True,1739727000,1739813400,setl_CG06XR3URMWUEC,Payment for Standard Tier,"{""order"": ""order_HF33GUWYH36MOT""}",pay_C1V47LZN9UHJPK,UTR97735494889,order_HF33GUWYH36MOT,INV-30691,upi,,,,
recon_PKLV69EOXXC7HZ,payment,0,219016,223229,INR,3571,642,False,True,1739791800,1739878200,setl_6MM7IDAO13TB25,Payment for Service Charge,"{""order"": ""order_HVNYARNNEZTEEW""}",pay_RE0DRIMR25I7A2,UTR18834248032,order_HVNYARNNEZTEEW,INV-56787,upi,,,,
recon_8DITMOWNX23VEU,payment,0,143599,146714,INR,2640,475,False,True,1739921400,1740180600,setl_DNZY47QUUSFN07,Payment for Premium Plan,"{""order"": ""order_V6763V1M3PP00C""}",pay_KVR5NBHGPBKTMA,UTR44424950648,order_V6763V1M3PP00C,INV-52072,card,Amex,SBI,credit,
recon_W0TE52VXSLHU6L,payment,0,36014,36883,INR,737,132,False,True,1739993400,1740252600,setl_3S2SUMH3B0N9CC,Payment for Service Charge,"{""order"": ""order_L2MOXQ9WFB76AV""}",pay_ZVMCPSILN3OX5F,UTR88273979421,order_L2MOXQ9WFB76AV,INV-57443,card,RuPay,HDFC,debit,
recon_XNPSV8DKMU6U4P,payment,0,402347,410088,INR,6561,1180,False,True,1740069000,1740328200,setl_MQOQ4KREG167D6,Payment for Annual License,"{""order"": ""order_76MOUZE66VW9B0""}",pay_5AEJT70EBPY9E5,UTR89858703279,order_76MOUZE66VW9B0,INV-52310,netbanking,,,,
recon_F30KH5840ACUHG,payment,0,194525,198745,INR,3577,643,False,True,1740151800,1740324600,setl_7P72L4X5BWAEN7,Payment for Top-up Credit,"{""order"": ""order_0EMC20LSJWS1ZL""}",pay_7U0S3KDZ4PPJ59,UTR38661809828,order_0EMC20LSJWS1ZL,INV-64808,netbanking,,,,
recon_6LH07BA7DORFKI,payment,0,253737,258618,INR,4137,744,False,True,1740267000,1740353400,setl_A02DZ61TXSNHFT,Payment for Renewal,"{""order"": ""order_J0M3LOUFHW8WLV""}",pay_OIKS62C1JLOPO6,UTR49639689713,order_J0M3LOUFHW8WLV,INV-42415,wallet,,,,
recon_2TLXLZS49CDZN1,payment,0,225854,230199,INR,3683,662,False,True,1740353400,1740612600,setl_WR0UI1JLMFLUOA,Payment for Enterprise Package,"{""order"": ""order_OINUXL39DG5RIF""}",pay_8UR6TIARONTDI9,UTR38735037775,order_OINUXL39DG5RIF,INV-31245,upi,,,,
recon_HAIH7WFRAC8E3P,payment,0,481786,491056,INR,7856,1414,False,True,1740432600,1740605400,setl_TXCF0KJD2V1L1V,Payment for Annual License,"{""order"": ""order_FMUIW7J35VLWOJ""}",pay_S3AOFC9LGYTLCQ,UTR95346740742,order_FMUIW7J35VLWOJ,INV-71825,netbanking,,,,
recon_9GWA44LZ6V7S7O,payment,0,455663,464430,INR,7430,1337,False,True,1740511800,1740684600,setl_XTDNWZZG4C4EPZ,Payment for Platform Access,"{""order"": ""order_XO9ZJCUBZQVQG0""}",pay_N79HMHVL66SAJX,UTR24234537620,order_XO9ZJCUBZQVQG0,INV-97519,netbanking,,,,
recon_J7SWRQLUX6LDM6,payment,0,241705,246355,INR,3941,709,False,True,1740580200,1740753000,setl_VFU9PXYKM8T0JS,Payment for Standard Tier,"{""order"": ""order_JH9JPDMN1S3YG8""}",pay_7LY7500LNKKUO4,UTR45264782411,order_JH9JPDMN1S3YG8,INV-30807,upi,,,,
recon_GINSAVOCIRBKDN,payment,0,479354,488578,INR,7817,1407,False,True,1740666600,1740925800,setl_Z1DE1E1630POCR,Payment for Add-on Module,"{""order"": ""order_HDIY4NRMQYZ6Y3""}",pay_L88L12QFAF5KCI,UTR12518693203,order_HDIY4NRMQYZ6Y3,INV-33576,card,Mastercard,ICICI,credit,
recon_W7673UBLBV03DS,payment,0,406646,414470,INR,6631,1193,False,True,1740767400,1741026600,setl_GMALWVMB0IDD0W,Payment for Standard Tier,"{""order"": ""order_0QBKERN6YJMK3T""}",pay_MTN29TNYFM7VH3,UTR58424451606,order_0QBKERN6YJMK3T,INV-20323,wallet,,,,
recon_O11K09NTN8EOHD,payment,0,111188,113599,INR,2044,367,False,True,1740861000,1741033800,setl_XUCR9C0TK1QQFV,Payment for Platform Access,"{""order"": ""order_VTRUML3F4RTGOO""}",pay_XJQ2WDIZHW0VQP,UTR59925838609,order_VTRUML3F4RTGOO,INV-47925,upi,,,,
recon_EGOM62HDXC6RIJ,payment,0,33541,34351,INR,687,123,False,True,1740958200,1741044600,setl_FQ8ABY595CPJZE,Payment for Platform Access,"{""order"": ""order_K6HQIV929SEVL7""}",pay_OWWEW9V08LIUQD,UTR23417722009,order_K6HQIV929SEVL7,INV-48704,wallet,,,,
recon_YLQJJBFSA5UZLZ,payment,0,40446,41423,INR,828,149,False,True,1740960585,1741131000,setl_1XTAR0KO31NZSX,Payment for Platform Access,"{""order"": ""order_K6HQIV929SEVL7""}",pay_N05XT54FN5G77L,UTR90853741136,order_K6HQIV929SEVL7,INV-48704,wallet,,,,
recon_FCPK7PWTG21HSL,payment,0,80453,82198,INR,1479,266,False,True,1741026600,1741113000,setl_RUU5E51H3WQA1V,Payment for Add-on Module,"{""order"": ""order_IVUQT2LWHEDHTH""}",pay_DLCTT058CUIJ0Y,UTR12094142051,order_IVUQT2LWHEDHTH,INV-79520,wallet,,,,
recon_QY7HYLGOGFXLSR,payment,0,61768,63107,INR,1135,204,False,True,1741029098,1741199400,setl_RGSS8K5IJULP98,Payment for Add-on Module,"{""order"": ""order_IVUQT2LWHEDHTH""}",pay_XIYQBVTDG3C6SC,UTR82904296987,order_IVUQT2LWHEDHTH,INV-79520,wallet,,,,
recon_SY3PAUA3AIPJIY,payment,0,21798,22324,INR,446,80,False,True,1741105800,1741192200,setl_23C9NU985LTKMC,Payment for Top-up Credit,"{""order"": ""order_0HLINH8JV7FXP3""}",pay_TPKQ5C9035VUUP,UTR72129773550,order_0HLINH8JV7FXP3,INV-52810,card,Visa,ICICI,debit,
recon_TXH376ZUGFLDT8,payment,0,42206,43225,INR,864,155,False,True,1741106021,1741278600,setl_CDUEFS4UQXGCY3,Payment for Top-up Credit,"{""order"": ""order_0HLINH8JV7FXP3""}",pay_LTXU3YF15Z08N1,UTR96553062756,order_0HLINH8JV7FXP3,INV-52810,card,Visa,ICICI,debit,
recon_S2FX0ZKWIJ0KZQ,payment,0,123632,126314,INR,2273,409,False,True,1741181400,1741267800,setl_BQ0FOT10GDMIPC,Payment for Platform Access,"{""order"": ""order_F3YN72BHON4WBA""}",pay_8XIZX35A806B4G,UTR74838536939,order_F3YN72BHON4WBA,INV-87435,upi,,,,
recon_SU51EPXU7B6NBH,payment,0,167960,171603,INR,3088,555,False,True,1741182206,1741354200,setl_8QO6P43AR6JLT8,Payment for Platform Access,"{""order"": ""order_F3YN72BHON4WBA""}",pay_ASFQBVH0KW3PGS,UTR38223258903,order_F3YN72BHON4WBA,INV-87435,upi,,,,
recon_KE0QC96MJ9N6EQ,payment,0,190021,194143,INR,3494,628,False,True,1741296600,1741383000,setl_COF3138I2XOG4C,Payment for Annual License,"{""order"": ""order_K686QE7AJUL7W8""}",pay_4HA0MVF4S2NI8T,UTR94303961993,order_K686QE7AJUL7W8,INV-86674,netbanking,,,,
recon_GZ5RKSD085I4RZ,payment,0,100421,102599,INR,1846,332,False,True,1741298431,1741469400,setl_8J6E07FPY1AELD,Payment for Annual License,"{""order"": ""order_K686QE7AJUL7W8""}",pay_NDFWW41F7V4K88,UTR42088170240,order_K686QE7AJUL7W8,INV-86674,netbanking,,,,
recon_R39IIXHAIAW4OT,payment,0,30372,31105,INR,622,111,False,True,1741347000,1741433400,setl_NFGAGLSXKUGWCD,Payment for Basic Subscription,"{""order"": ""order_8LL6DOWX1H4RMP""}",pay_KOBQ6MYM8J2LZW,UTR22759253798,order_8LL6DOWX1H4RMP,INV-84460,card,Mastercard,ICICI,debit,
recon_GGSOU6NJ2N2PN7,payment,0,24630,25224,INR,504,90,False,True,1741348021,1741519800,setl_Z6X4FMMEN4052W,Payment for Basic Subscription,"{""order"": ""order_8LL6DOWX1H4RMP""}",pay_1FU5X012GRDMT2,UTR71095157558,order_8LL6DOWX1H4RMP,INV-84460,card,Mastercard,ICICI,debit,
recon_BT873LKMGS6RV9,payment,0,66188,67624,INR,1217,219,False,True,1741462200,1741548600,setl_MXCQDJ5CUYDA9A,Payment for Consultation Fee,"{""order"": ""order_ZY2NR4GLGPJDJH""}",pay_I2SO19V58B1V1C,UTR88916451940,order_ZY2NR4GLGPJDJH,INV-54223,card,Mastercard,AXIS,credit,
recon_77TNQETMNI3GOM,payment,0,62245,63594,INR,1144,205,False,True,1741464227,1741635000,setl_LL2UNCGWRT9DYF,Payment for Consultation Fee,"{""order"": ""order_ZY2NR4GLGPJDJH""}",pay_COFH9194B70LDO,UTR34790480835,order_ZY2NR4GLGPJDJH,INV-54223,card,Mastercard,AXIS,credit,
recon_BNDYCPN0P1XS91,payment,0,129674,132487,INR,2384,429,False,True,1741523400,1741609800,setl_AYB1EYCEF2CTG0,Payment for Basic Subscription,"{""order"": ""order_Z6L7X6OA3N4G2J""}",pay_QGHLZRUWBN6EK6,UTR74577819097,order_Z6L7X6OA3N4G2J,INV-51670,netbanking,,,,
recon_BAF4JGQ6CN8SIW,payment,0,94028,96068,INR,1729,311,False,True,1741524835,1741696200,setl_8ZZKK4J1O5HD4H,Payment for Basic Subscription,"{""order"": ""order_Z6L7X6OA3N4G2J""}",pay_X6LGOI7OFVWJ7Y,UTR24941417230,order_Z6L7X6OA3N4G2J,INV-51670,netbanking,,,,
recon_A5B4L6HFH4N6V3,payment,0,125825,128554,INR,2313,416,False,True,1741609800,1741696200,setl_BHTFNSGPYNYJ0U,Payment for Top-up Credit,"{""order"": ""order_W6T1OXHFDXK31W""}",pay_5NA2FQZTIO4M7P,UTR25789113301,order_W6T1OXHFDXK31W,INV-72270,wallet,,,,
recon_MGK2F5FE6OUWZK,payment,0,86578,88456,INR,1592,286,False,True,1741613333,1741782600,setl_FO2HOQ5E7L7W05,Payment for Top-up Credit,"{""order"": ""order_W6T1OXHFDXK31W""}",pay_P0PNNLO0HHGH5X,UTR21969911775,order_W6T1OXHFDXK31W,INV-72270,wallet,,,,
recon_GAGHFT9ZZCGL9F,payment,0,42752,43784,INR,875,157,False,True,1741692600,1741779000,setl_35WFW5Q52DEZH0,Payment for Add-on Module,"{""order"": ""order_LSE33DCNF225AA""}",pay_CTE9W0AN6NBYZM,UTR75223652028,order_LSE33DCNF225AA,INV-93269,wallet,,,,
recon_4KOXHJMIA6YKFC,payment,0,92684,94694,INR,1704,306,False,True,1741694683,1741865400,setl_CD8A2IBCLTRH9V,Payment for Add-on Module,"{""order"": ""order_LSE33DCNF225AA""}",pay_242OM7ZTRJ67DX,UTR90213493539,order_LSE33DCNF225AA,INV-93269,wallet,,,,
recon_RV68JQ12JF4CIW,payment,0,98889,101034,INR,1818,327,False,True,1741782600,1741869000,setl_CQPHLI5L692TUL,Payment for Annual License,"{""order"": ""order_ALFWYPEEK035N8""}",pay_VGDOFMAOK8TIR0,UTR30401920697,order_ALFWYPEEK035N8,INV-52888,netbanking,,,,
recon_MWU28RL5H3G7VK,payment,0,61502,62836,INR,1131,203,False,True,1741782908,1741955400,setl_GELW8IVI3RQASD,Payment for Annual License,"{""order"": ""order_ALFWYPEEK035N8""}",pay_P8F8C8CLRKI72O,UTR55628044623,order_ALFWYPEEK035N8,INV-52888,netbanking,,,,
recon_END7H10KYHVKQX,payment,0,81854,83629,INR,1505,270,False,True,1741876200,1741962600,setl_CHBIRMC5S3OFAW,Payment for Basic Subscription,"{""order"": ""order_B188ELNWOSKAZO""}",pay_FDFZDMMCMCOCO2,UTR81605034933,order_B188ELNWOSKAZO,INV-40121,upi,,,,
recon_U5JSLHGMRZZQO1,payment,0,150194,153453,INR,2762,497,False,True,1741878273,1742049000,setl_WJNN41JH6OXQQ8,Payment for Basic Subscription,"{""order"": ""order_B188ELNWOSKAZO""}",pay_ZTDHF15ICYAXZR,UTR64846803951,order_B188ELNWOSKAZO,INV-40121,upi,,,,
recon_A7XFIZME02TOXO,payment,0,101088,103281,INR,1859,334,False,True,1741955400,1742041800,setl_RTMPV5LMQ15FBS,Payment for Annual License,"{""order"": ""order_FXNTF0MGOQMK31""}",pay_9UBC1KKR2AJ5IQ,UTR85167870389,order_FXNTF0MGOQMK31,INV-85631,wallet,,,,
recon_MO1DXQ46GA2SDF,payment,0,58818,60093,INR,1081,194,False,True,1741955755,1742128200,setl_4WVT3F2F3HYCPE,Payment for Annual License,"{""order"": ""order_FXNTF0MGOQMK31""}",pay_AX54P8RI4BNVQR,UTR78899772675,order_FXNTF0MGOQMK31,INV-85631,wallet,,,,
recon_DGHXTUR8XUEBHK,payment,0,27893,28566,INR,571,102,False,True,1742038200,1742124600,setl_I5VRZ38EFE9VAR,Payment for Monthly Pass,"{""order"": ""order_BVPY8CRIN0XGNK""}",pay_NMVQLTZQWDYVYB,UTR63578108639,order_BVPY8CRIN0XGNK,INV-61211,upi,,,,
recon_AC2EXVA5E742GR,payment,0,42164,43182,INR,863,155,False,True,1742040220,1742211000,setl_2PZ6NTPBPZCD5X,Payment for Monthly Pass,"{""order"": ""order_BVPY8CRIN0XGNK""}",pay_SCGJU2T0JESGQ4,UTR23475577028,order_BVPY8CRIN0XGNK,INV-61211,upi,,,,
recon_9WRDPLFE19BCDT,payment,0,94158,96200,INR,1731,311,False,True,1742139000,1742225400,setl_YZTHQSE0KIVWM5,Payment for Top-up Credit,"{""order"": ""order_G9GMYKVYGW22YG""}",pay_4V74QR14VUYV2E,UTR72255789791,order_G9GMYKVYGW22YG,INV-26701,card,Amex,ICICI,debit,
recon_27YH6UAMWJPIWU,payment,0,73963,75567,INR,1360,244,False,True,1742140152,1742311800,setl_3NOZ7QMJCENTOC,Payment for Top-up Credit,"{""order"": ""order_G9GMYKVYGW22YG""}",pay_MY9TWCW75VI7LI,UTR89674410096,order_G9GMYKVYGW22YG,INV-26701,card,Amex,ICICI,debit,
recon_2T2TNGTG2LGJ3S,payment,0,94317,96363,INR,1734,312,False,True,1742225400,1742311800,setl_FWTJSJFFP5GOFC,Payment for Consultation Fee,"{""order"": ""order_J6JFHVSTHBNBIZ""}",pay_FC4YGOHMJZ6N58,UTR18920850963,order_J6JFHVSTHBNBIZ,INV-17451,netbanking,,,,
recon_OGQ4IVN2QQZZFV,payment,0,54148,55322,INR,995,179,False,True,1742225633,1742398200,setl_5WU2550KQPGA8V,Payment for Consultation Fee,"{""order"": ""order_J6JFHVSTHBNBIZ""}",pay_YUXCZAUMAPQPPM,UTR26204208607,order_J6JFHVSTHBNBIZ,INV-17451,netbanking,,,,
recon_6FYEY3M0NQ8UT6,payment,0,98653,100793,INR,1814,326,False,True,1742311800,1742398200,setl_B20UC87NXP0JF6,Payment for Enterprise Package,"{""order"": ""order_HSAO2QWKBSEPR1""}",pay_QOB867KBQNXPVM,UTR31759284709,order_HSAO2QWKBSEPR1,INV-53332,card,Amex,HDFC,credit,
recon_WLFYZSKV6IARLS,payment,0,69940,71457,INR,1286,231,False,True,1742313903,1742484600,setl_DNOBK8HUP3FTJ6,Payment for Enterprise Package,"{""order"": ""order_HSAO2QWKBSEPR1""}",pay_SR75RMG7F9FZJA,UTR17983659837,order_HSAO2QWKBSEPR1,INV-53332,card,Amex,HDFC,credit,
recon_YY0KZ6XNOMB42O,payment,0,24825,25424,INR,508,91,False,True,1742387400,1742473800,setl_B4XZ3MSKZO3I9L,Payment for Annual License,"{""order"": ""order_DVWS3KCVJXZDVY""}",pay_TRD83X9AGE9NY3,UTR77511046788,order_DVWS3KCVJXZDVY,INV-75223,upi,,,,
recon_Q825Q30ZX815G5,payment,0,49881,50963,INR,917,165,False,True,1742388132,1742560200,setl_LIFFCVEDQFC1YU,Payment for Annual License,"{""order"": ""order_DVWS3KCVJXZDVY""}",pay_MUB6LBU9W3GGO9,UTR67704323732,order_DVWS3KCVJXZDVY,INV-75223,upi,,,,
recon_YKC2MNG806W819,payment,0,141131,144193,INR,2595,467,False,True,1742473800,1742560200,setl_E0JXYO6HFD7LTT,Payment for Top-up Credit,"{""order"": ""order_XKEI9ULTHYCX8A""}",pay_KXBI6JJTB8QOP8,UTR86362532221,order_XKEI9ULTHYCX8A,INV-31271,wallet,,,,
recon_FF3TR7WB42P31O,payment,0,121999,124645,INR,2243,403,False,True,1742474546,1742646600,setl_C954AI2278EQE1,Payment for Top-up Credit,"{""order"": ""order_XKEI9ULTHYCX8A""}",pay_2J3TPS82XLVB9H,UTR80717913096,order_XKEI9ULTHYCX8A,INV-31271,wallet,,,,
recon_PWN3KE9OUJW6ZJ,payment,0,36276,37152,INR,743,133,False,True,1742567400,1742653800,setl_D8A6B3ODF76IMG,Payment for Basic Subscription,"{""order"": ""order_75T6XDO7L5DL0E""}",pay_9NR0OAKGDESVDE,UTR39385479847,order_75T6XDO7L5DL0E,INV-89332,wallet,,,,
recon_R9OGJEGXEYEB90,payment,0,51841,52965,INR,953,171,False,True,1742570455,1742740200,setl_7ZD3Q0E03YIOY5,Payment for Basic Subscription,"{""order"": ""order_75T6XDO7L5DL0E""}",pay_91LEUUCBL116CZ,UTR85130371716,order_75T6XDO7L5DL0E,INV-89332,wallet,,,,
recon_X66D7WDJV07IRJ,refund,55592,0,55592,INR,0,0,False,True,1742815800,1742902200,setl_NW6L4M1TRPUYD6,Refund - Monthly Pass,"{""order"": ""order_I874U77W9A8LYT""}",pay_H548JRPE2XN9TX,UTR66828019822,order_I874U77W9A8LYT,INV-31893,netbanking,,,,
recon_WCZT0LFJ4B121Y,refund,96725,0,96725,INR,0,0,False,True,1742905800,1742992200,setl_IZ8ER6U0ESTIE6,Refund - Renewal,"{""order"": ""order_876795F9TU8PV2""}",pay_EE6HW5KYFC6RAN,UTR85621065673,order_876795F9TU8PV2,INV-13977,netbanking,,,,
recon_8WF8NK5G2ZNTGG,refund,75721,0,75721,INR,0,0,False,True,1743111000,1743197400,setl_R7SN1TCJFCZWKG,Refund - Consultation Fee,"{""order"": ""order_BHO4UW2AWW77GC""}",pay_NBPAVAJIMMNSTO,UTR98353577966,order_BHO4UW2AWW77GC,INV-13049,upi,,,,
recon_JB00ET7BNA2I7P,refund,56538,0,56538,INR,0,0,False,True,1743190200,1743276600,setl_0OAWHN2ECLCES1,Refund - Renewal,"{""order"": ""order_1LOQSOT56AG39B""}",pay_LZOHFDDVSZ2TVH,UTR24116853866,order_1LOQSOT56AG39B,INV-16076,card,Mastercard,AXIS,debit,
recon_XGHU9IVLX6X6SX,refund,73605,0,73605,INR,0,0,False,True,1743168600,1743255000,setl_TNN8ILDASLW9HG,Refund - Renewal,"{""order"": ""order_UZ2KGA99UF1ZWW""}",pay_HSJ0BI6ATQGKRY,UTR23702559428,order_UZ2KGA99UF1ZWW,INV-83551,netbanking,,,,
recon_E7M7H6OQ7QH96Y,refund,99872,0,99872,INR,0,0,False,True,1743460200,1743546600,setl_RPKFZQFO5YVMTD,Refund - Enterprise Package,"{""order"": ""order_HCGW33A8NCXCWC""}",pay_3LM7E41OFV14J6,UTR78171646559,order_HCGW33A8NCXCWC,INV-20301,netbanking,,,,
recon_VKTAF6BLBV0XT9,refund,23318,0,23318,INR,0,0,False,True,1743366600,1743453000,setl_FXGIMYDO5N1TQD,Refund - Service Charge,"{""order"": ""order_IEST9OMUQ0RZTW""}",pay_DFQ2YGGAFDR3TG,UTR62677381362,order_IEST9OMUQ0RZTW,INV-88410,wallet,,,,
recon_XS88UALRY3IGWE,refund,20222,0,20222,INR,0,0,False,True,1743442200,1743528600,setl_H7T6UDOJY6G107,Refund - Standard Tier,"{""order"": ""order_1O0LQBYG6G04JG""}",pay_W9RTNFW6SZF4LU,UTR57008521802,order_1O0LQBYG6G04JG,INV-98529,upi,,,,
recon_F8Y7P62ZKO0E49,refund,16002,0,16002,INR,0,0,False,True,1743636600,1743723000,setl_3PLE45B2NIXI8E,Refund - Annual License,"{""order"": ""order_PCL1S2QPKGRMM0""}",pay_ZXD82BMQW8EVRC,UTR26437167231,order_PCL1S2QPKGRMM0,INV-31981,card,Visa,ICICI,credit,
recon_6ZHZ3E88SEBY8E,refund,33192,0,33192,INR,0,0,False,True,1743809400,1743895800,setl_HULPRX05H3K7UJ,Refund - Consultation Fee,"{""order"": ""order_07X887LGUUW058""}",pay_RL0NWRN57LWS1Y,UTR88399887394,order_07X887LGUUW058,INV-57750,netbanking,,,,
recon_VZN8Z4C0X2HYVE,refund,40970,0,40970,INR,0,0,False,True,1743773400,1743859800,setl_M0TPI70HKGNHAG,Refund - Add-on Module,"{""order"": ""order_9CYRVEOW0EF578""}",pay_CU2LQM585U7D2X,UTR25122548552,order_9CYRVEOW0EF578,INV-86475,wallet,,,,
recon_VRHUM921VF3774,refund,87438,0,87438,INR,0,0,False,True,1743852600,1743939000,setl_0NDV5DMCDSODBZ,Refund - Enterprise Package,"{""order"": ""order_MK48J4E3QABCE2""}",pay_E4T8DL8F5WAZ5B,UTR20016461991,order_MK48J4E3QABCE2,INV-61593,wallet,,,,
recon_OJTFE85S0I99N7,refund,51293,0,51293,INR,0,0,False,True,1744155000,1744241400,setl_FXA2WD7772IY1U,Refund - Consultation Fee,"{""order"": ""order_JIGLG08YVU69QA""}",pay_2BVS3K337OV9WX,UTR81277017850,order_JIGLG08YVU69QA,INV-80660,upi,,,,
recon_L3AF6KKFEDLBGK,refund,40059,0,40059,INR,0,0,False,True,1744234200,1744320600,setl_9OF9SVCA3DC9E6,Refund - Top-up Credit,"{""order"": ""order_TZ7PJSFPFMNF7U""}",pay_6DUEPRTIRY3TI0,UTR58311016868,order_TZ7PJSFPFMNF7U,INV-13703,upi,,,,
recon_MKDWVM7A7P4EFG,refund,81554,0,81554,INR,0,0,False,True,1744230600,1744317000,setl_0UPRB2JA2LPN1M,Refund - Standard Tier,"{""order"": ""order_C3T13HLOZESJNC""}",pay_9OWP7NL6DMJLXD,UTR13833102044,order_C3T13HLOZESJNC,INV-69234,netbanking,,,,
recon_LT3J6LILB7ZWDC,refund,32660,0,32660,INR,0,0,False,True,1744313400,1744399800,setl_0R709Q6OHXXYFG,Refund - Monthly Pass,"{""order"": ""order_8GEYZILJ29JB8J""}",pay_767JEZ24WPFDFH,UTR86590451129,order_8GEYZILJ29JB8J,INV-61948,card,Mastercard,HDFC,debit,
recon_O9LYDA09Q16A3K,refund,77173,0,77173,INR,0,0,False,True,1744389000,1744475400,setl_YNPE6SWYU2RNAD,Refund - Service Charge,"{""order"": ""order_3XVFIUD99XRO37""}",pay_02UPVSF5YC9LUE,UTR37038845096,order_3XVFIUD99XRO37,INV-53178,card,RuPay,HDFC,credit,
recon_R4L2E4F4N3ZA0C,refund,11971,0,11971,INR,0,0,False,True,1744291800,1744378200,setl_D0RNGCT2XFDZOE,Refund - Platform Access,"{""order"": ""order_YIADPZ9Q8SU5NK""}",pay_PHTN0UONQAIPT6,UTR32618462282,order_YIADPZ9Q8SU5NK,INV-62336,netbanking,,,,
recon_8LI72W4OEBMQPJ,refund,17722,0,17722,INR,0,0,False,True,1744644600,1744731000,setl_LTH11BLF1XOYC6,Refund - Service Charge,"{""order"": ""order_63X5ULZZIX2SOT""}",pay_X1CENAGQ39XLP0,UTR71675485760,order_63X5ULZZIX2SOT,INV-16569,card,RuPay,ICICI,debit,
recon_8UUXOP63CTZRBZ,refund,17075,0,17075,INR,0,0,False,True,1744403400,1744489800,setl_KZH6EJEBHBW9KC,Refund - Annual License,"{""order"": ""order_M2YVP6MPB4DPGE""}",pay_WOW7L7J7Y96YG6,UTR97187371781,order_M2YVP6MPB4DPGE,INV-41671,netbanking,,,,
recon_25FNSCQQAVAQDM,payment,0,204824,208765,INR,3340,601,False,True,1744407000,1744493400,setl_Q19U9Q44DVVPGB,Payment for Enterprise Package,"{""order"": ""order_6SIF6DOHE7KY87""}",pay_2L4C0BB6PYMA1T,UTR66866524023,order_6SIF6DOHE7KY87,INV-31247,netbanking,,,,
recon_HAEWABHB7ZHEZR,payment,0,49553,50627,INR,911,163,False,True,1744489800,1744749000,setl_W4IXFJJRKHE0SD,Payment for Standard Tier,"{""order"": ""order_2J8LBDSG1FBTWT""}",pay_B9MIT3VHTN7SU6,UTR88855176702,order_2J8LBDSG1FBTWT,INV-26671,upi,,,,
recon_KVGG4NP4D8J2X7,payment,0,205125,209072,INR,3345,602,False,True,1744561800,1744648200,setl_2NCU22KB8OHL1Z,Payment for Basic Subscription,"{""order"": ""order_CO58P8O85BIOFU""}",pay_7BI8TJWOFC57PA,UTR68272195918,order_CO58P8O85BIOFU,INV-55026,netbanking,,,,
recon_MNT6U777LDM1VL,payment,0,198169,201981,INR,3231,581,False,True,1744633800,1744720200,setl_W8MINQ4O7VS8CH,Payment for Consultation Fee,"{""order"": ""order_NQ06UJLQV62J16""}",pay_TIJH33IC44TONZ,UTR28383994195,order_NQ06UJLQV62J16,INV-58655,upi,,,,
recon_LGQE6XB1Z337C7,payment,0,201134,205004,INR,3280,590,False,True,1744738200,1744997400,setl_BRXFX3AT253IQQ,Payment for Basic Subscription,"{""order"": ""order_7KFN8K6P62J4XY""}",pay_8YATYE737FENTD,UTR68314079728,order_7KFN8K6P62J4XY,INV-58167,netbanking,,,,
recon_BAEOM43T6UU8Z8,payment,0,1913991,1946140,INR,27245,4904,False,True,1744813800,1744986600,setl_EPDMBO6TQSOR81,Payment for Renewal,"{""order"": ""order_Y3IW6VGK4Y32HM""}",pay_XUWRIENW34Y6FF,UTR34940556321,order_Y3IW6VGK4Y32HM,INV-74617,upi,,,,
recon_CGWCD9JC1YLJUY,payment,0,493259,501543,INR,7021,1263,False,True,1744903800,1745163000,setl_C1GXSKOUZXNLJR,Payment for Platform Access,"{""order"": ""order_BO2J3AYIUKEUF5""}",pay_G59MNBO3WZ5I4E,UTR54502441629,order_BO2J3AYIUKEUF5,INV-85527,upi,,,,
recon_2KABF8QLT1RKQQ,payment,0,1924202,1956523,INR,27391,4930,False,True,1745011800,1745184600,setl_BS0UMIFFVMAM3J,Payment for Annual License,"{""order"": ""order_XPIWHWU6YHVWNL""}",pay_P6I29GPO1QMUTW,UTR88523977765,order_XPIWHWU6YHVWNL,INV-50568,upi,,,,
recon_E00HU3X5U7DF89,payment,0,198245,202058,INR,3232,581,False,True,1745069400,1745155800,setl_O7V1IZ4JQI55JS,Payment for Basic Subscription,"{""order"": ""order_7OPKLJ670LJC6W""}",pay_FFOHK94W6WUUMO,UTR33885847457,order_7OPKLJ670LJC6W,INV-84843,card,Visa,SBI,debit,
recon_NUB5XX9PKQGBHL,payment,0,201250,205121,INR,3281,590,False,True,1745148600,1745235000,setl_FYE4HQGOXAIQUS,Payment for Platform Access,"{""order"": ""order_JMKJLNDITN5KG3""}",pay_5TVGUW48TP37V7,UTR86542993325,order_JMKJLNDITN5KG3,INV-30337,card,RuPay,ICICI,debit,
recon_3OW37GJNXI5P2Q,payment,0,1991017,2019614,INR,24235,4362,False,True,1745274600,1745361000,setl_091DZ8XEBNP5O3,Payment for Premium Plan,"{""order"": ""order_0UJRIHZ8EEKC8U""}",pay_PP1VM3I0GXHC66,UTR72476589470,order_0UJRIHZ8EEKC8U,INV-29442,card,Amex,AXIS,debit,
recon_RV7AQ2ANY1YC1L,payment,0,46970,48105,INR,962,173,False,True,1745350200,1745609400,setl_YYJ5N860ATH9KP,Payment for Premium Plan,"{""order"": ""order_DDG680IUGA4FEG""}",pay_5RY27VMVWJMV06,UTR48734255686,order_DDG680IUGA4FEG,INV-99374,wallet,,,,
recon_TT9KA1DLUCLLE4,payment,0,1924910,1957243,INR,27401,4932,False,True,1745415000,1745587800,setl_4I4CXGF8GC0S6E,Payment for Annual License,"{""order"": ""order_PCXWAYMH0IT4BU""}",pay_VLXUIIY3XGWK1G,UTR84614274174,order_PCXWAYMH0IT4BU,INV-10125,upi,,,,
recon_COZFQPII49H5VN,payment,0,189582,193695,INR,3486,627,False,True,1745533800,1745620200,setl_HFMTGDLB3J56TA,Payment for Standard Tier,"{""order"": ""order_SXSH0AHPO00ZCM""}",pay_RS51ZEQWF1VVWU,UTR84540351652,order_SXSH0AHPO00ZCM,INV-36718,card,Amex,ICICI,credit,
recon_3EQLSU8MIJPW10,payment,0,50729,51828,INR,932,167,False,True,1745598600,1745857800,setl_4XTKXGY93FON8O,Payment for Consultation Fee,"{""order"": ""order_TDXJ1WQQOQSD8P""}",pay_Z17A8RNXPWNUA6,UTR92338023156,order_TDXJ1WQQOQSD8P,INV-27891,wallet,,,,
recon_9IF826BHYZ1OV5,payment,0,479295,488517,INR,7816,1406,False,True,1745685000,1745857800,setl_S1A5UGXBRYTIVR,Payment for Standard Tier,"{""order"": ""order_G49FFQOKVC4GTJ""}",pay_U3DN1TJL2FX35L,UTR83469651751,order_G49FFQOKVC4GTJ,INV-88176,wallet,,,,
recon_38K0HF36C0OX87,payment,0,482240,491519,INR,7864,1415,False,True,1745753400,1745926200,setl_PBRRNTYLVVLD3I,Payment for Renewal,"{""order"": ""order_6WPRLPG7GVLHWX""}",pay_VBRX8U73NKBF2E,UTR53917003395,order_6WPRLPG7GVLHWX,INV-18911,netbanking,,,,
recon_A3PLCGQLLX70R3,payment,0,49404,50475,INR,908,163,False,True,1745883000,1745969400,setl_HC2YIX79PBRTG6,Payment for Renewal,"{""order"": ""order_QMK3UHK6HMRTIE""}",pay_DQLQ1WMFPT00E2,UTR57538061155,order_QMK3UHK6HMRTIE,INV-77090,card,Amex,AXIS,credit,
recon_GV46Q71T6JLDJ7,payment,0,498071,506437,INR,7090,1276,False,True,1745955000,1746214200,setl_U1ESEVGC0QTXXW,Payment for Renewal,"{""order"": ""order_SSW74WQNG6N1RW""}",pay_A63YMDDVXKKXO0,UTR49245946547,order_SSW74WQNG6N1RW,INV-65765,netbanking,,,,
recon_CMZ2RNO6CYSVUH,payment,0,49462,50534,INR,909,163,False,True,1746023400,1746282600,setl_E5MIPUYLTDSEKC,Payment for Annual License,"{""order"": ""order_4LEO0EU2CI4EUR""}",pay_UPPH3NWX0TAZ8A,UTR49237227822,order_4LEO0EU2CI4EUR,INV-41718,card,Amex,ICICI,debit,
recon_A8389214311BKH,payment,0,25155,25762,INR,515,92,False,True,1746109800,1746196200,setl_7UUBRJ174WYAGS,Payment for Platform Access,"{""order"": ""order_A6KSNJCZOBD9Q8""}",pay_WHT37OJ98BYTE9,UTR24993558961,order_A6KSNJCZOBD9Q8,INV-76044,wallet,,,,
recon_16SHQXMS0HKRAJ,payment,0,25155,25762,INR,515,92,False,True,1746110045,1746282600,setl_1KWQJL8EZ31T6E,Payment for Platform Access,"{""order"": ""order_A6KSNJCZOBD9Q8""}",pay_AFPP7SDWYQTUV2,UTR46307560802,order_A6KSNJCZOBD9Q8,INV-40480,wallet,,,,
recon_T9C4QLO9FIK47E,payment,0,37614,38522,INR,770,138,False,True,1746192600,1746279000,setl_IM28AQWD1BQFDT,Payment for Annual License,"{""order"": ""order_GCRKFKJ6XHPD3B""}",pay_GNPYHRFOZG7FBV,UTR78714295335,order_GCRKFKJ6XHPD3B,INV-57257,netbanking,,,,
recon_FXAMHV1F070VK3,payment,0,37614,38522,INR,770,138,False,True,1746192838,1746365400,setl_NBS5XRGA3L7102,Payment for Annual License,"{""order"": ""order_GCRKFKJ6XHPD3B""}",pay_2I6OEUH8VAQVBD,UTR87785978070,order_GCRKFKJ6XHPD3B,INV-72188,netbanking,,,,
recon_RJIB739SYIED48,payment,0,39340,40289,INR,805,144,False,True,1746293400,1746379800,setl_WAS1UDJOAU4DU0,Payment for Monthly Pass,"{""order"": ""order_3UDUURWUDKBU0T""}",pay_SEUTLPF4G9H0Y0,UTR50101415608,order_3UDUURWUDKBU0T,INV-20811,netbanking,,,,
recon_7SDDVXYLFU2FAW,payment,0,39273,40221,INR,804,144,False,True,1746300097,1746466200,setl_FIYHQ3Y8UQZBA2,Payment for Monthly Pass,"{""order"": ""order_369O8W429KJPQ8""}",pay_5ML51AATN209QV,UTR86921751774,order_369O8W429KJPQ8,INV-97127,netbanking,,,,
recon_8WP94P4JWR3XUX,payment,0,7109,7280,INR,145,26,False,True,1746361800,1746448200,setl_K3AWLAR0WH0RFI,Payment for Service Charge,"{""order"": ""order_8TLTY7W29MAX6E""}",pay_9E07PMEXJTNRP1,UTR69473717885,order_8TLTY7W29MAX6E,INV-57396,upi,,,,
recon_AO73KU99ELJHB0,payment,0,6957,7124,INR,142,25,False,True,1746386302,1746534600,setl_UPROG710EQ8O9S,Payment for Service Charge,"{""order"": ""order_BQGBPADUSQB00G""}",pay_I3661L08KGFP94,UTR44918178684,order_BQGBPADUSQB00G,INV-59598,upi,,,,
recon_V9JREHMIQP56A2,payment,0,44684,45763,INR,915,164,False,True,1746487800,1746574200,setl_NAEHPITZA7UY4S,Payment for Standard Tier,"{""order"": ""order_G5EOL0TA8RD05N""}",pay_7REDY0VQXO2DWN,UTR39608462049,order_G5EOL0TA8RD05N,INV-81700,upi,,,,
recon_A0T2Q8BGJ5G1HO,payment,0,44863,45946,INR,918,165,False,True,1746527964,1746660600,setl_AEQ1ZQ8DAYDW9F,Payment for Standard Tier,"{""order"": ""order_9HCZDQ3W6BDJ7H""}",pay_717YW1BSDX4W3L,UTR94511410509,order_9HCZDQ3W6BDJ7H,INV-34408,upi,,,,
recon_34SLQGBUL1OT96,payment,0,69474,70980,INR,1277,229,False,True,1746531000,1746617400,setl_3QINF2P091PQFM,Payment for Basic Subscription,"{""order"": ""order_0V33LIFNCRN3TN""}",pay_J9R3VP8LIM06ET,UTR55039930368,order_0V33LIFNCRN3TN,INV-34371,card,Mastercard,AXIS,debit,
recon_T49QPEQ6YF84Z7,payment,0,69289,70792,INR,1274,229,False,True,1746535939,1746703800,setl_PAH3QN21R91R0H,Payment for Basic Subscription,"{""order"": ""order_KZIY75ITDL35JR""}",pay_CQR3EV1RDNF4X1,UTR79699892843,order_KZIY75ITDL35JR,INV-37295,card,Mastercard,AXIS,debit,
recon_FM03TDV0IQF1G5,payment,0,25204,25812,INR,516,92,False,True,1746617400,1746703800,setl_173C7Q25Y7KHG4,Payment for Enterprise Package,"{""order"": ""order_3SFGHO4QHCG7FD""}",pay_4OTBGDPUH4GBGO,UTR64724037782,order_3SFGHO4QHCG7FD,INV-30980,upi,,,,
recon_6ENMB9UPEPPOLG,payment,0,25046,25651,INR,513,92,False,True,1746697899,1746790200,setl_G7NIE3FKP96AIU,Payment for Enterprise Package,"{""order"": ""order_143XRV8DF2F5NK""}",pay_8UTD9JYJ3CT5Q5,UTR45756016756,order_143XRV8DF2F5NK,INV-31784,upi,,,,
recon_MILADH1DXKXB4R,payment,0,12482,12782,INR,255,45,False,True,1746714600,1746801000,setl_EOCIRIO74JLYS7,Payment for Top-up Credit,"{""order"": ""order_LZ6IOSTUZHG1GF""}",pay_D5C21O6WW8EIRH,UTR30936075477,order_LZ6IOSTUZHG1GF,INV-87500,card,Mastercard,HDFC,credit,
recon_QFQ9N04FDTZJ2L,payment,0,12650,12955,INR,259,46,False,True,1746747854,1746887400,setl_JD6Z6PQ1AUF0TJ,Payment for Top-up Credit,"{""order"": ""order_4OFPATM0TXE321""}",pay_RLNF6NV5XU6M9D,UTR15456679136,order_4OFPATM0TXE321,INV-80739,card,Mastercard,HDFC,credit,
recon_OHS7AUIGJD3X4Y,payment,0,15140,15505,INR,310,55,False,True,1746797400,1746883800,setl_XAIC0DHNHWEKQD,Payment for Service Charge,"{""order"": ""order_FGM1TM27O19QTG""}",pay_15XD82IJKUV2VX,UTR74660272648,order_FGM1TM27O19QTG,INV-36946,netbanking,,,,
recon_952EX2JZ8K7ZOJ,payment,0,15140,15505,INR,310,55,False,True,1746797630,1746970200,setl_VNAB87FRBOO703,Payment for Service Charge,"{""order"": ""order_FGM1TM27O19QTG""}",pay_O3PEOJ3M48NGC4,UTR70024815619,order_FGM1TM27O19QTG,INV-47710,netbanking,,,,
recon_RPH3Q26TE0P5RU,payment,0,73666,75263,INR,1354,243,False,True,1746898200,1746984600,setl_5DNSVBCQ7G4ASM,Payment for Platform Access,"{""order"": ""order_UBYGS0JX9AMSM5""}",pay_K4W0KQ8SJQONTQ,UTR42251751470,order_UBYGS0JX9AMSM5,INV-46858,netbanking,,,,
recon_1W1QXPH1Y3BQHO,payment,0,73582,75178,INR,1353,243,False,True,1746951410,1747071000,setl_ZX4NKIO5B6IIJP,Payment for Platform Access,"{""order"": ""order_R7GOKLVA2UHTJP""}",pay_X45JOQYNIT38CX,UTR10907415046,order_R7GOKLVA2UHTJP,INV-49935,netbanking,,,,
recon_HQBR79OKQBBWBX,payment,0,58607,59877,INR,1077,193,False,True,1746963000,1747049400,setl_3Z2Y3C0EQ4AW8J,Payment for Monthly Pass,"{""order"": ""order_D07T3LJOKBZVYX""}",pay_9D18K9VAK1VPAN,UTR81528595579,order_D07T3LJOKBZVYX,INV-18597,netbanking,,,,
recon_QOTVOG5KKS1B4Q,payment,0,58607,59877,INR,1077,193,False,True,1746963134,1747135800,setl_HE5S517DXJ17X6,Payment for Monthly Pass,"{""order"": ""order_D07T3LJOKBZVYX""}",pay_GW3PAJVF9I60K2,UTR53349764708,order_D07T3LJOKBZVYX,INV-77677,netbanking,,,,
recon_TR9UQRVN2AEJGS,payment,0,52866,54012,INR,972,174,False,True,1747092600,1747179000,setl_UUR656EBJVNFOW,Payment for Annual License,"{""order"": ""order_8QIG6UO3ZIN1A7""}",pay_7Y853J5SFMZQRS,UTR42419107231,order_8QIG6UO3ZIN1A7,INV-42960,upi,,,,
recon_63DHTG1D9OB6KB,payment,0,52968,54117,INR,974,175,False,True,1747098633,1747265400,setl_APCQ7VG6N968XF,Payment for Annual License,"{""order"": ""order_KNE1YBMZPSCTPN""}",pay_JZO98IBOQ18OVE,UTR53874535080,order_KNE1YBMZPSCTPN,INV-96274,upi,,,,
recon_1V2W9Y49DZ8FTM,payment,0,9227,9450,INR,189,34,False,True,1747139400,1747225800,setl_Z30V0VSGQG034L,Payment for Service Charge,"{""order"": ""order_EARNWAWO7PLR1X""}",pay_08K4L2LJZL8XRW,UTR78019142319,order_EARNWAWO7PLR1X,INV-45125,wallet,,,,
recon_MGJVC2SMTC0D6Q,payment,0,9227,9450,INR,189,34,False,True,1747139619,1747312200,setl_4KV2RA0T51LC8A,Payment for Service Charge,"{""order"": ""order_EARNWAWO7PLR1X""}",pay_4DBRHGR8CP11GB,UTR54725808828,order_EARNWAWO7PLR1X,INV-45553,wallet,,,,
recon_J5RNO5GL1NAIA0,payment,0,95888,97968,INR,1763,317,False,True,1747254600,1747341000,setl_VOKQY9FLVQARJZ,Payment for Consultation Fee,"{""order"": ""order_ZEBG9K4SSB1PBZ""}",pay_VR8VBYEZD43W95,UTR55407661015,order_ZEBG9K4SSB1PBZ,INV-19656,netbanking,,,,
recon_0KERTQHNOL3OBO,payment,0,95888,97968,INR,1763,317,False,True,1747254734,1747427400,setl_K08CT6176C1K03,Payment for Consultation Fee,"{""order"": ""order_ZEBG9K4SSB1PBZ""}",pay_CH4FODMJMBFOGE,UTR43196638332,order_ZEBG9K4SSB1PBZ,INV-66881,netbanking,,,,
recon_ZRWUO8NQ189Y42,payment,0,93860,95896,INR,1726,310,False,True,1747326600,1747413000,setl_VLUCNJ0HYL77VL,Payment for Basic Subscription,"{""order"": ""order_UWETOWTK4KL9FG""}",pay_AQX16OEM9NNC8Y,UTR83542962716,order_UWETOWTK4KL9FG,INV-21626,upi,,,,
recon_TIAXUFVPIG3YVR,payment,0,93829,95864,INR,1725,310,False,True,1747359708,1747499400,setl_QU017WTP0KZUPN,Payment for Basic Subscription,"{""order"": ""order_2NEWBZNI3DPFTB""}",pay_CI08P3LBSUNGKH,UTR36779342121,order_2NEWBZNI3DPFTB,INV-99471,upi,,,,
recon_2J6SB053AKZXFP,payment,0,93418,95445,INR,1718,309,False,True,1747427400,1747513800,setl_74PF4IO2XM43O8,Payment for Consultation Fee,"{""order"": ""order_PYWH8EA329HF1P""}",pay_B2AUBNBWGSKWD3,UTR86616387674,order_PYWH8EA329HF1P,INV-67215,wallet,,,,
recon_KE09JNEFTZ53C5,payment,0,93418,95444,INR,1717,309,False,True,1747438546,1747600200,setl_JOCUJVXHSHV1Y0,Payment for Consultation Fee,"{""order"": ""order_W26RQH7O0ZBO70""}",pay_X2KB6JY5R1SPPN,UTR47400864965,order_W26RQH7O0ZBO70,INV-23674,wallet,,,,
recon_BW3J6SOG2LBWTB,payment,0,78654,80360,INR,1446,260,False,True,1747492200,1747578600,setl_QS334KCCNJDGJK,Payment for Premium Plan,"{""order"": ""order_1LPPJ1N5T844QH""}",pay_2BTUFDOAPMLQS8,UTR70402371231,order_1LPPJ1N5T844QH,INV-89785,wallet,,,,
recon_1KCJUVPCVV5765,payment,0,78654,80360,INR,1446,260,False,True,1747492368,1747665000,setl_CSW7A23HOTPSIL,Payment for Premium Plan,"{""order"": ""order_1LPPJ1N5T844QH""}",pay_LXSOL15M9GQJAN,UTR66887487812,order_1LPPJ1N5T844QH,INV-27685,wallet,,,,
recon_IYUB31P35ZWQYT,payment,0,77187,78861,INR,1419,255,False,True,1747575000,1747661400,setl_GVXXYN9T61QSKF,Payment for Top-up Credit,"{""order"": ""order_TQV8ELSPJ6SFAS""}",pay_04LX5Z3JUFXH8P,UTR12487952241,order_TQV8ELSPJ6SFAS,INV-71081,wallet,,,,
recon_9UZC2PLHS95TWB,payment,0,77187,78861,INR,1419,255,False,True,1747575265,1747747800,setl_NNMLWVAPFE0HRQ,Payment for Top-up Credit,"{""order"": ""order_TQV8ELSPJ6SFAS""}",pay_0MTZ1FPR7H4PZN,UTR31391926529,order_TQV8ELSPJ6SFAS,INV-69301,wallet,,,,
recon_P5WT5FWK2JPKOR,payment,0,54674,55859,INR,1005,180,False,True,1747690200,1747776600,setl_MXSWY0SZKBNSH8,Payment for Premium Plan,"{""order"": ""order_QERFTNVIJZX4XV""}",pay_QBZBRQW5259GMQ,UTR93897096668,order_QERFTNVIJZX4XV,INV-48462,upi,,,,
recon_A1I10PKAP7WR1S,payment,0,54674,55859,INR,1005,180,False,True,1747690248,1747863000,setl_LLRB7DFIXLBO9E,Payment for Premium Plan,"{""order"": ""order_QERFTNVIJZX4XV""}",pay_2P014X5DLWY1P6,UTR87470363008,order_QERFTNVIJZX4XV,INV-37303,upi,,,,
recon_F33DNREHU2M6NW,payment,0,59378,60665,INR,1091,196,False,True,1747755000,1747841400,setl_E4EY9JVB6HPPHP,Payment for Annual License,"{""order"": ""order_6CXOTX76D2KJRZ""}",pay_81BF8W80UXN3E6,UTR70398695337,order_6CXOTX76D2KJRZ,INV-53890,upi,,,,
recon_M1XRP4JDVA787T,payment,0,59183,60466,INR,1088,195,False,True,1747802728,1747927800,setl_M0D5WLWJOJAFI4,Payment for Annual License,"{""order"": ""order_CV3HRQA9VZEOX9""}",pay_OQE09O8A906K37,UTR67382895546,order_CV3HRQA9VZEOX9,INV-10325,upi,,,,
